Site;Road.verge;Traffic;Verge.width;Serial.number;Date;Round;Time;Day.Night;Spiders;Staphylinidae;Cantharidae;Coccinellidae;Curculionidae;pollen.beetles;flea.beetles;other.Coleoptera;Parasitic.wasps;Formicidae;Other.Apocrita;Symphyta;Diptera.Syrphidae;Diptera.other.Brachycera;Diptera.other.Nematocera;Lepidoptera:butterfly.adults;Lepidoptera:butterfly.larvae;Lepidoptera:moth.adults;Lepidoptera.moth.larvae;Aphids;Cicadellidae;Delphacidae;Other.Homoptera;Pentatomidae;Miridae;other.Heteroptera;Neuroptera;Thysanoptera;Collembola;Dermpatera;Orthoptera;Acari;Psocoptera;Others;
Östhammar;SP;1662;3,55;1;04-jun;1;11:15;Day;0;1;0;0;0;0;0;0;0;0;0;0;0;0;0;0;0;0;0;0;0;0;0;0;0;0;0;2;0;0;0;0;0;0;
Östhammar;SP;1662;3,55;2;04-jun;1;11:15;Day;0;0;0;0;0;0;0;0;0;0;0;0;0;0;1;0;0;0;0;0;0;0;0;0;0;0;0;0;0;0;0;0;0;0;
Östhammar;SP;1662;3,55;3;04-jun;1;11:15;Day;0;0;0;0;0;0;0;0;2;0;0;0;0;0;0;0;0;0;0;0;0;0;0;0;0;0;0;0;0;0;0;0;0;0;
Östhammar;SP;1662;3,55;4;04-jun;1;11:15;Day;0;0;0;0;0;0;0;1;0;0;0;0;0;3;3;0;0;0;0;0;0;0;0;0;0;0;0;3;0;0;0;0;0;0;
Skärplinge;SR;570;3,8;5;04-jun;1;14:10;Day;0;0;0;0;0;0;0;1;0;0;0;0;0;2;0;0;0;0;0;0;0;0;0;0;0;0;0;4;0;0;0;0;0;0;
Skärplinge;SR;570;3,8;6;04-jun;1;14:10;Day;0;3;0;0;0;0;1;0;1;0;0;0;0;1;2;0;0;0;0;0;0;0;0;0;0;0;0;0;0;0;0;0;0;0;
Skärplinge;SR;570;3,8;7;04-jun;1;14:10;Day;0;2;0;0;0;0;0;0;0;0;0;0;0;0;4;0;0;0;0;0;0;0;0;0;0;0;0;3;0;0;0;0;0;0;
Skärplinge;SR;570;3,8;8;04-jun;1;14:10;Day;0;0;0;0;1;0;0;0;0;1;0;0;0;3;8;0;0;0;0;0;0;0;0;0;0;0;0;7;1;0;0;0;0;0;
Tierp;SR;125;3,1;9;04-jun;1;15:50;Day;0;0;0;0;0;0;0;0;0;0;0;0;0;0;0;0;0;0;0;0;0;0;0;0;0;0;0;1;0;0;0;0;0;0;
Tierp;SR;125;3,1;10;04-jun;1;15:50;Day;0;0;0;0;0;0;0;0;0;0;0;0;0;0;0;0;0;0;0;0;0;0;0;0;0;0;0;0;0;0;0;0;0;0;
Tierp;SR;125;3,1;11;04-jun;1;15:50;Day;0;0;0;0;0;0;1;1;0;0;0;0;0;2;2;0;0;0;0;0;0;0;0;0;0;0;0;0;0;0;0;0;0;0;
Tierp;SR;125;3,1;12;04-jun;1;15:50;Day;0;0;0;0;0;0;0;0;1;0;1;0;0;2;5;0;0;0;0;0;1;0;0;0;0;0;0;1;0;0;0;0;0;0;
Knutby;SR;373;4,5;13;04-jun;1;17:50;Day;0;0;0;0;0;0;0;0;0;0;0;0;0;6;0;0;0;0;0;0;0;0;0;0;0;0;0;0;0;0;0;0;0;0;
Knutby;SR;373;4,5;14;04-jun;1;17:50;Day;0;0;0;0;0;0;0;0;1;0;0;0;0;16;1;0;0;0;0;0;0;0;0;0;0;0;0;0;0;0;0;0;0;0;
Knutby;SR;373;4,5;15;04-jun;1;17:50;Day;0;5;0;0;0;0;1;0;0;0;1;0;0;2;2;0;0;0;0;0;0;0;0;0;0;0;0;1;0;0;0;0;0;0;
Knutby;SR;373;4,5;16;04-jun;1;17:50;Day;0;10;0;0;1;0;2;2;0;0;0;0;0;7;4;0;0;0;0;0;0;0;0;0;0;0;0;4;0;0;0;0;0;0;
Skutskär;SR;930;4,31;17;05-jun;1;11:45;Day;0;0;0;0;1;0;1;0;0;0;0;0;0;1;1;0;0;0;0;0;0;0;0;0;0;0;0;0;0;0;0;0;0;0;
Skutskär;SR;930;4,31;18;05-jun;1;11:45;Day;1;0;0;0;0;0;0;0;1;0;0;0;0;0;0;0;0;0;0;0;0;0;0;0;0;0;0;0;0;0;0;0;0;0;
Skutskär;SR;930;4,31;19;05-jun;1;11:45;Day;0;3;0;0;0;0;0;0;2;0;0;1;0;2;1;0;0;0;0;0;0;0;0;0;0;0;0;3;0;0;0;0;0;0;
Skutskär;SR;930;4,31;20;05-jun;1;11:45;Day;0;0;0;0;0;0;0;2;3;0;0;0;0;3;2;0;0;0;0;2;0;0;1;0;0;0;0;8;0;0;0;0;0;0;
Rovsättra;SR;267;4,32;21;05-jun;1;13:50;Day;0;0;0;0;0;0;0;0;1;0;0;0;0;0;0;0;0;0;0;0;0;0;0;0;0;0;0;2;0;0;0;0;0;0;
Rovsättra;SR;267;4,32;22;05-jun;1;13:50;Day;0;0;0;0;0;0;0;0;1;0;0;0;0;0;1;0;0;0;0;0;0;0;0;0;0;0;0;1;0;0;0;0;0;0;
Hargshamn;SR;1726;4,17;23;05-jun;1;15:30;Day;0;2;0;0;0;0;0;0;0;0;0;0;0;0;0;0;0;0;0;0;0;0;0;0;2;0;0;0;0;0;0;0;0;0;
Rovsättra;SR;267;4,32;24;05-jun;1;13:50;Day;0;0;0;0;0;0;0;0;5;0;0;0;0;0;0;0;0;0;0;0;0;0;0;0;0;0;0;6;0;0;0;0;0;0;
Rovsättra;SR;267;4,32;25;05-jun;1;13:50;Day;0;0;0;0;0;0;0;0;1;0;0;1;0;2;5;0;0;0;0;0;0;0;0;0;0;0;0;4;0;0;0;0;0;0;
Hargshamn;SR;1726;4,17;26;05-jun;1;15:30;Day;0;1;0;0;0;0;0;0;0;0;0;0;0;1;2;0;0;0;0;0;0;0;0;0;3;0;0;0;0;0;0;0;0;0;
Hargshamn;SR;1726;4,17;27;05-jun;1;15:30;Day;0;0;0;0;0;0;0;0;1;0;0;0;0;2;3;0;0;0;0;0;0;0;0;0;4;1;0;0;0;0;0;0;0;0;
Hargshamn;SR;1726;4,17;28;05-jun;1;15:30;Day;0;0;0;0;1;0;0;0;3;0;0;0;0;6;6;0;0;0;0;0;0;0;0;0;1;0;0;5;0;0;0;0;0;0;
Gottröra;SP;3718;4,4;29;05-jun;1;17:40;Day;0;1;0;0;0;0;3;0;0;0;0;0;0;0;0;0;0;0;0;0;0;0;0;0;0;0;0;1;0;0;0;0;0;0;
Gottröra;SP;3718;4,4;30;05-jun;1;17:40;Day;0;3;0;0;0;0;2;0;1;0;0;0;0;1;1;0;0;0;0;0;0;0;0;0;0;0;0;1;0;0;0;0;0;0;
Gottröra;SP;3718;4,4;31;05-jun;1;17:40;Day;0;2;0;0;0;0;1;1;1;0;0;0;0;4;2;0;0;0;0;0;0;0;0;0;0;0;0;4;0;0;0;0;0;0;
Gottröra;SP;3718;4,4;32;05-jun;1;17:40;Day;0;4;0;0;0;0;2;2;1;0;0;0;0;3;5;0;0;0;0;0;0;0;0;0;0;1;0;5;0;0;0;0;0;0;
Knutby;SR;373;4,5;33;05-jun;1;23:30;Night;0;0;0;0;0;0;0;0;0;0;0;0;0;0;4;0;0;0;0;0;0;0;0;0;0;0;0;0;0;0;0;0;0;0;
Knutby;SR;373;4,5;34;05-jun;1;23:30;Night;0;0;0;0;0;0;0;0;0;0;0;0;0;0;0;0;0;0;0;0;0;0;0;0;0;0;0;0;0;0;0;0;0;0;
Knutby;SR;373;4,5;35;05-jun;1;23:30;Night;0;0;0;0;0;0;0;0;2;0;0;0;0;0;17;0;0;0;0;0;0;0;0;0;0;0;0;0;0;0;0;0;0;0;
Knutby;SR;373;4,5;36;05-jun;1;23:30;Night;0;0;0;0;0;0;0;0;0;0;0;0;0;0;38;0;0;0;0;0;0;0;0;0;0;0;0;0;0;0;0;0;0;0;
Östhammar;SP;1662;3,55;37;06-jun;1;01:35;Night;0;0;0;0;0;0;0;0;0;0;0;0;0;0;1;0;0;0;0;0;0;0;0;0;0;0;0;0;0;0;0;0;0;0;
Östhammar;SP;1662;3,55;38;06-jun;1;01:35;Night;0;0;0;0;0;0;0;0;0;0;0;0;0;0;0;0;0;0;0;0;0;0;0;0;0;0;0;0;0;0;0;0;0;0;
Östhammar;SP;1662;3,55;39;06-jun;1;01:35;Night;0;0;0;0;0;0;0;0;0;0;0;0;0;0;1;0;0;0;0;0;0;0;0;0;0;0;0;0;0;0;0;0;0;0;
Östhammar;SP;1662;3,55;40;06-jun;1;01:35;Night;0;0;0;0;0;0;0;0;1;0;0;0;0;0;2;0;0;0;0;0;0;0;0;0;0;0;0;0;0;0;0;0;0;0;
Rimbo;SP;939;5,19;41;06-jun;1;13:30;Day;0;0;0;0;0;0;0;0;0;0;0;0;0;1;0;0;0;0;0;0;0;0;0;0;0;0;0;0;0;0;0;0;0;0;
Rimbo;SP;939;5,19;42;06-jun;1;13:30;Day;0;0;0;0;0;0;0;0;0;0;0;0;0;0;1;0;0;0;0;0;0;0;0;0;0;0;0;1;0;0;0;0;0;0;
Rimbo;SP;939;5,19;43;06-jun;1;13:30;Day;0;0;0;0;0;0;0;0;0;0;0;0;0;1;1;0;0;0;0;0;0;0;0;0;0;0;0;0;0;0;0;0;0;0;
Rimbo;SP;939;5,19;44;06-jun;1;13:30;Day;0;0;0;0;0;0;0;0;0;0;0;0;0;0;2;0;0;0;0;0;0;0;0;0;0;0;0;0;0;0;0;0;0;0;
Arlanda;SR;829;5,41;45;06-jun;1;15:10;Day;0;0;0;0;0;0;0;0;0;0;1;0;0;0;1;0;0;0;0;0;0;0;0;0;0;0;0;0;0;0;0;0;0;0;
Arlanda;SR;829;5,41;46;06-jun;1;15:10;Day;0;0;0;0;0;0;0;0;1;0;0;0;0;1;1;0;0;0;0;0;0;0;0;0;0;0;0;0;0;0;0;0;0;0;
Arlanda;SR;829;5,41;47;06-jun;1;15:10;Day;0;0;0;0;0;0;0;0;0;0;0;0;0;0;0;0;0;0;0;0;0;0;0;0;0;0;0;2;0;0;0;0;0;0;
Arlanda;SR;829;5,41;48;06-jun;1;15:10;Day;0;0;0;0;0;0;0;0;0;0;0;0;0;0;0;0;0;0;0;0;0;0;0;0;0;0;0;0;0;0;0;0;0;0;
Skutskär;SR;930;4,31;49;06-jun;1;22:55;Night;0;0;0;0;0;0;0;1;0;0;0;0;0;0;2;0;0;0;0;0;0;0;0;0;0;0;0;0;0;0;0;0;0;0;
Skutskär;SR;930;4,31;50;06-jun;1;22:55;Night;0;0;0;0;0;0;0;1;0;0;0;0;0;1;3;0;0;0;0;0;0;0;0;0;0;0;0;2;0;0;0;0;0;0;
Skutskär;SR;930;4,31;51;06-jun;1;22:55;Night;0;3;0;0;0;0;0;0;2;0;0;0;0;6;27;0;0;1;0;0;0;0;0;0;0;0;1;0;0;0;0;0;0;2; Ephemeroptera
Skutskär;SR;930;4,31;52;06-jun;1;22:55;Night;0;1;0;0;0;0;0;0;0;0;0;0;0;3;65;0;0;1;0;0;0;0;0;0;0;0;0;0;0;0;0;0;0;1; Ephemeroptera
Tierp;SR;125;3,1;53;07-jun;1;00:30;Night;0;0;0;0;0;0;0;0;0;0;0;0;0;0;0;0;0;0;0;0;0;0;0;0;0;0;0;0;0;0;0;0;0;0;
Tierp;SR;125;3,1;54;07-jun;1;00:30;Night;0;0;0;0;0;0;0;0;0;0;0;0;0;0;0;0;0;0;0;0;0;0;0;0;0;0;0;0;0;0;0;0;0;0;
Tierp;SR;125;3,1;55;07-jun;1;00:30;Night;0;0;0;0;0;0;0;0;0;0;0;0;0;1;0;0;0;0;0;0;0;0;0;0;0;0;0;0;0;0;0;0;0;0;
Tierp;SR;125;3,1;56;07-jun;1;00:30;Night;0;0;0;0;0;0;0;0;0;0;0;0;0;0;6;0;0;0;0;0;0;0;0;0;0;0;0;0;0;0;0;0;0;0;
Arlanda;SR;829;5,41;57;07-jun;1;02:30;Night;0;0;0;0;0;0;0;0;0;0;0;0;0;0;0;0;0;0;0;0;0;0;0;0;0;0;0;0;0;0;0;0;0;0;
Arlanda;SR;829;5,41;58;07-jun;1;02:30;Night;0;0;0;0;0;0;0;0;0;0;0;0;0;0;0;0;0;0;0;0;0;0;0;0;0;0;0;0;0;0;0;0;0;0;
Arlanda;SR;829;5,41;59;07-jun;1;02:30;Night;0;0;0;0;0;0;0;0;0;0;0;0;0;0;0;0;0;0;0;0;0;0;0;0;0;0;0;0;0;0;0;0;0;0;
Arlanda;SR;829;5,41;60;07-jun;1;02:30;Night;0;0;0;0;0;0;0;0;1;0;0;0;0;0;1;0;0;0;0;0;0;0;0;0;0;0;0;0;0;0;0;0;0;0;
Rovsättra;SR;267;4,32;61;07-jun;1;22:40;Night;0;0;0;0;0;0;0;0;0;0;0;0;0;0;3;0;0;0;0;0;0;0;0;0;0;0;0;0;0;0;0;0;0;0;
Rovsättra;SR;267;4,32;62;07-jun;1;22:40;Night;0;0;0;0;0;0;0;0;0;0;0;0;0;0;5;0;0;0;0;0;0;0;0;0;0;0;0;0;0;0;0;0;0;0;
Rovsättra;SR;267;4,32;63;07-jun;1;22:40;Night;0;0;0;0;0;0;0;0;0;0;0;0;0;0;8;0;0;0;0;0;0;0;0;0;0;0;0;0;0;0;0;0;0;0;
Rovsättra;SR;267;4,32;64;07-jun;1;22:40;Night;0;0;0;0;0;0;0;1;2;0;0;0;0;1;30;0;0;1;0;0;0;0;0;0;0;0;0;0;0;0;0;0;0;0;
Hargshamn;SR;1726;4,17;65;08-jun;1;00:30;Night;0;0;0;0;0;0;0;0;0;0;0;0;0;0;1;0;0;0;0;0;0;0;0;0;0;0;0;0;0;0;0;0;0;0;
Hargshamn;SR;1726;4,17;66;08-jun;1;00:30;Night;0;0;0;0;0;0;0;0;0;0;0;0;0;0;1;0;0;0;0;0;0;0;0;0;0;0;0;0;0;0;0;0;0;0;
Hargshamn;SR;1726;4,17;67;08-jun;1;00:30;Night;0;0;0;0;0;0;0;0;0;0;0;0;0;0;4;0;0;0;0;0;0;0;0;0;0;0;0;0;0;0;0;0;0;0;
Hargshamn;SR;1726;4,17;68;08-jun;1;00:30;Night;0;0;0;0;0;0;0;1;2;0;0;0;0;0;4;0;0;0;0;1;0;0;0;0;0;0;0;0;0;0;0;0;0;0;
Skärplinge;SR;570;3,8;69;10-jun;1;22:20;Night;0;0;0;0;0;0;0;0;0;0;0;0;0;0;1;0;0;0;0;0;0;0;0;0;0;0;0;0;0;0;0;0;0;0;
Skärplinge;SR;570;3,8;70;10-jun;1;22:20;Night;0;0;0;0;0;0;0;0;0;0;0;0;0;0;1;0;0;0;0;0;0;0;0;0;0;0;0;0;0;0;0;0;0;0;
Skärplinge;SR;570;3,8;71;10-jun;1;22:20;Night;0;0;0;0;0;0;0;0;0;0;0;0;0;1;2;0;0;0;0;0;0;0;0;0;0;0;0;0;0;0;0;0;0;0;
Skärplinge;SR;570;3,8;72;10-jun;1;22:20;Night;0;0;0;0;0;0;0;0;0;0;0;0;0;2;7;0;0;0;0;0;0;0;0;0;0;0;0;0;0;0;0;0;0;0;
Gottröra;SP;3718;4,4;73;11-jun;1;00:10;Night;0;0;0;0;0;0;0;0;0;0;0;0;0;0;0;0;0;0;0;0;0;0;0;0;0;0;0;0;0;0;0;0;0;0;
Gottröra;SP;3718;4,4;74;11-jun;1;00:10;Night;0;0;0;0;0;0;0;0;0;1;0;0;0;0;0;0;0;0;0;0;0;0;0;0;0;0;0;0;0;0;0;0;0;0;
Gottröra;SP;3718;4,4;75;11-jun;1;00:10;Night;0;0;0;0;0;0;0;0;1;0;0;0;0;0;0;0;0;0;0;0;0;0;0;0;0;0;0;0;0;0;0;0;0;0;
Gottröra;SP;3718;4,4;76;11-jun;1;00:10;Night;0;0;0;0;0;0;0;0;0;0;0;0;0;0;0;0;0;0;0;0;0;0;0;0;0;0;0;0;0;0;0;0;0;0;
Rimbo;SP;939;5,19;77;14-jun;1;22:10;Night;0;0;0;0;0;0;0;0;0;0;0;0;0;0;0;0;0;0;0;0;0;0;0;0;0;0;0;0;0;0;0;0;0;0;
Rimbo;SP;939;5,19;78;14-jun;1;22:10;Night;0;0;0;0;0;0;0;0;0;0;0;0;0;0;1;0;0;0;0;0;0;0;0;0;0;0;0;0;0;0;0;0;0;0;
Rimbo;SP;939;5,19;79;14-jun;1;22:10;Night;0;0;0;0;0;0;0;2;1;0;0;0;0;0;1;0;0;0;0;0;0;0;0;0;0;0;0;0;0;0;0;0;0;0;
Rimbo;SP;939;5,19;80;14-jun;1;22:10;Night;0;0;0;0;0;0;0;0;0;0;0;0;0;0;9;0;0;0;0;0;0;0;0;0;0;0;0;0;0;0;0;0;0;0;
UpplandsVäsby;SP;6168;4,76;81;10-jul;2;15:08;Day;0;0;0;0;0;0;0;0;1;0;0;0;0;2;3;0;0;0;0;0;0;0;0;0;0;0;0;0;0;0;0;0;0;0;
UpplandsVäsby;SP;6168;4,76;82;10-jul;2;14:30;Day;0;0;0;0;0;0;2;1;12;0;0;0;0;5;9;0;0;0;0;1;0;0;0;0;0;0;0;30;0;0;0;0;0;0;
UpplandsVäsby;SP;6168;4,76;83;10-jul;2;15:08;Day;0;1;0;0;1;0;0;0;20;0;0;0;0;12;11;1;0;0;0;3;0;0;0;0;1;0;0;45;1;0;0;0;0;0;
UpplandsVäsby;SP;6168;4,76;84;10-jul;2;14:30;Day;1;0;0;0;0;0;1;1;34;0;0;0;0;31;14;0;0;0;0;6;0;0;0;0;0;0;0;80;0;0;0;0;0;0;
Arlanda;SR;829;5,41;85;11-jul;2;14:10;Day;0;0;0;0;0;0;0;0;0;0;0;0;0;0;0;0;0;0;0;0;0;0;0;0;0;0;0;0;0;0;0;0;0;0;
Arlanda;SR;829;5,41;86;11-jul;2;14:10;Day;0;0;0;0;0;0;0;0;2;0;0;0;1;0;0;0;0;0;0;0;0;0;0;0;0;0;0;1;0;0;0;0;0;0;
Arlanda;SR;829;5,41;87;11-jul;2;14:10;Day;0;0;0;0;0;0;0;0;1;0;1;0;0;9;3;0;0;0;0;0;0;0;0;0;0;0;0;0;0;0;0;0;0;0;
Arlanda;SR;829;5,41;88;11-jul;2;14:10;Day;0;0;0;0;0;0;0;0;5;0;0;0;0;12;7;0;0;0;0;1;0;0;0;0;0;0;0;3;0;0;0;0;0;0;
Sigtuna;SR;6356;5,231;89;11-jul;2;16:00;Day;0;1;0;0;0;0;0;0;0;0;0;0;0;0;0;0;0;0;0;0;0;0;0;0;0;0;0;0;0;0;0;0;0;0;
Sigtuna;SR;6356;5,231;90;11-jul;2;16:00;Day;0;0;0;0;0;0;0;1;1;0;0;0;0;1;0;0;0;0;0;1;0;0;0;0;0;0;0;0;0;0;0;0;0;0;
Sigtuna;SR;6356;5,231;91;11-jul;2;16:00;Day;0;1;0;0;0;0;0;0;3;0;0;0;0;1;2;0;0;0;0;0;0;0;0;0;0;0;0;7;0;0;0;0;0;0;
Sigtuna;SR;6356;5,231;92;11-jul;2;16:00;Day;0;0;0;0;0;0;0;0;2;0;0;0;0;3;5;0;0;0;0;1;0;0;0;0;0;0;0;2;0;0;0;0;0;0;
Häggeby;SR;3312;4,665;93;11-jul;2;17:25;Day;0;0;0;0;0;0;0;0;0;0;0;0;0;0;2;0;0;0;0;0;0;0;0;0;0;0;0;0;0;0;0;0;0;0;
Häggeby;SR;3312;4,665;94;11-jul;2;17:25;Day;0;0;0;0;0;0;0;0;2;0;1;0;0;2;3;0;0;0;0;0;0;0;0;0;0;0;0;1;0;0;0;0;0;0;
Häggeby;SR;3312;4,665;95;11-jul;2;17:25;Day;0;0;0;0;0;0;0;0;3;0;1;0;0;5;35;0;0;0;0;0;0;0;0;0;0;0;0;1;0;0;0;0;0;0;
Häggeby;SR;3312;4,665;96;11-jul;2;17:25;Day;0;0;0;0;0;0;0;0;6;0;0;0;0;14;51;0;0;0;0;2;0;0;0;0;0;0;0;1;0;0;0;0;0;0;
Rimbo;SP;939;5,19;97;11-jul;2;22:15;Night;0;0;0;0;0;0;0;0;0;0;0;0;0;0;1;0;0;0;0;0;0;0;0;0;0;0;0;0;0;0;0;0;0;0;
Rimbo;SP;939;5,19;98;11-jul;2;22:15;Night;0;0;0;0;0;0;0;0;0;0;0;0;0;0;1;0;0;0;0;0;0;0;0;0;0;0;0;0;0;0;0;0;0;0;
Rimbo;SP;939;5,19;99;11-jul;2;22:15;Night;0;0;0;0;0;0;0;0;0;0;0;0;0;0;2;0;0;0;0;0;0;0;0;0;0;0;0;0;0;0;0;0;0;0;
Rimbo;SP;939;5,19;100;11-jul;2;22:15;Night;0;0;0;0;0;0;0;0;0;0;0;0;0;0;12;0;0;0;0;0;0;0;0;0;0;0;0;0;0;0;0;0;0;0;
Knutby;SR;373;4,5;101;11-jul;2;23:55;Night;0;1;0;0;0;0;0;0;0;1;0;0;0;0;1;0;0;0;0;0;0;0;0;0;0;0;0;0;0;0;0;0;0;0;
Knutby;SR;373;4,5;102;11-jul;2;23:55;Night;0;1;0;0;0;0;0;0;0;1;0;0;0;0;1;0;0;0;0;0;0;0;0;0;0;0;0;0;0;0;0;0;0;1; Ephemeroptera
Knutby;SR;373;4,5;103;11-jul;2;23:55;Night;0;0;0;0;0;0;0;1;0;0;0;0;0;0;2;0;0;0;0;0;0;0;0;0;0;0;0;0;0;0;0;0;0;0;
Knutby;SR;373;4,5;104;11-jul;2;23:55;Night;0;0;0;0;0;0;0;0;0;0;0;0;0;0;4;0;0;1;0;0;0;0;0;0;0;0;0;0;0;0;0;0;0;2; Ephemeroptera
Tosterön;SP;5764;4,07;105;13-jul;2;11:05;Day;0;0;0;0;0;0;0;0;0;0;0;0;0;0;0;0;0;0;0;0;0;0;0;0;0;0;0;1;0;0;1;0;0;0;
Tosterön;SP;5764;4,07;106;13-jul;2;11:05;Day;0;2;0;0;0;0;0;0;4;0;0;0;0;0;2;0;0;0;0;1;0;0;0;0;0;0;0;1;0;0;0;0;0;0;
Tosterön;SP;5764;4,07;107;13-jul;2;11:05;Day;0;0;0;0;0;0;0;0;15;0;0;0;0;2;4;0;0;0;0;1;0;0;1;0;0;0;0;13;0;0;0;0;0;0;
Tosterön;SP;5764;4,07;108;13-jul;2;11:05;Day;2;0;0;0;0;0;0;0;15;0;0;0;0;4;9;0;0;0;0;1;0;0;0;0;0;0;0;20;0;0;0;0;0;0;
Enköping;SP;841;4,29;109;13-jul;2;13:45;Day;0;0;0;0;0;0;1;0;2;0;0;0;0;5;1;0;0;0;1;0;0;0;0;0;0;0;0;8;0;0;0;0;0;0;
Enköping;SP;841;4,29;110;13-jul;2;13:45;Day;0;2;0;0;1;0;0;0;15;0;0;1;0;7;3;0;0;0;0;2;0;0;0;0;0;0;0;15;0;0;0;0;0;0;
Enköping;SP;841;4,29;111;13-jul;2;13:45;Day;0;0;1;1;0;1;1;2;58;0;0;0;0;59;13;1;0;0;0;5;0;0;0;0;0;0;0;32;0;0;0;0;0;0;
Enköping;SP;841;4,29;112;13-jul;2;13:45;Day;0;1;0;0;0;2;1;2;66;0;0;0;0;69;26;0;0;0;1;6;0;0;0;0;0;0;0;33;0;0;0;0;0;0;
Vänge;SP;562;4,15;113;13-jul;2;15:25;Day;0;2;0;0;1;2;0;0;12;0;0;0;0;3;5;0;0;0;0;1;0;0;0;1;0;1;0;7;0;0;0;0;0;0;
Vänge;SP;562;4,15;114;13-jul;2;15:25;Day;0;4;0;0;0;0;1;0;29;0;0;0;0;4;5;0;0;0;0;3;0;0;0;0;1;0;0;28;0;0;0;0;0;0;
Vänge;SP;562;4,15;115;13-jul;2;15:25;Day;0;25;1;0;0;1;4;2;66;0;3;0;0;52;42;0;0;0;0;5;0;0;0;0;0;0;0;81;1;0;1;0;0;0;
Vänge;SP;562;4,15;116;13-jul;2;15:25;Day;1;13;0;1;1;0;4;0;67;0;0;0;1;58;60;0;0;0;0;5;0;0;1;1;0;0;0;92;0;0;0;0;0;0;
Skogstibble;SP;158;3,98;117;13-jul;2;13:40;Day;0;0;0;1;0;0;0;0;7;0;0;0;0;4;6;0;0;0;0;0;0;0;0;0;0;0;0;2;0;0;0;0;0;0;
Skogstibble;SP;158;3,98;118;13-jul;2;13:40;Day;0;0;0;0;0;0;0;1;23;0;0;0;0;9;1;0;0;0;0;2;0;0;0;0;0;0;0;13;0;0;0;0;0;0;
Skogstibble;SP;158;3,98;119;13-jul;2;13:40;Day;0;1;1;0;0;0;0;0;66;0;0;0;3;61;36;0;0;0;0;5;0;0;1;0;2;1;0;39;0;0;0;0;0;0;
Skogstibble;SP;158;3,98;120;14-jul;2;13:40;Day;0;0;0;0;0;0;1;3;65;0;1;1;3;39;61;0;0;0;0;1;0;1;0;0;1;0;0;34;0;0;1;0;0;0;
Björklinge;SP;247;2,88;121;14-jul;2;15:30;Day;0;0;0;0;1;0;0;1;10;0;0;0;0;7;3;0;0;0;0;2;0;0;0;0;0;0;0;7;0;0;0;0;0;0;
Björklinge;SP;247;2,88;122;14-jul;2;15:30;Day;0;1;0;0;0;0;0;0;24;0;0;0;0;14;6;0;0;0;0;5;0;0;0;0;1;1;0;20;0;0;0;0;0;0;
Björklinge;SP;247;2,88;123;14-jul;2;15:30;Day;0;5;0;0;11;0;2;3;52;0;2;1;0;44;40;0;0;0;0;23;0;0;4;1;0;1;0;60;0;0;0;0;0;0;
Björklinge;SP;247;2,88;124;14-jul;2;15:30;Day;1;5;0;0;0;1;4;2;61;0;1;1;3;60;51;0;0;0;0;19;0;0;0;1;0;0;0;50;0;0;0;0;0;0;
Enköping;SP;841;4,29;125;17-jul;2;22:40;Night;0;0;0;0;0;0;0;0;0;0;0;0;0;0;0;0;0;0;0;0;0;0;0;0;0;0;0;0;0;0;0;0;0;0;
Enköping;SP;841;4,29;126;17-jul;2;22:40;Night;0;0;0;0;0;0;0;0;0;0;0;0;0;0;0;0;0;0;0;0;0;0;0;0;0;0;0;0;0;0;0;0;0;0;
Enköping;SP;841;4,29;127;17-jul;2;22:40;Night;0;0;0;0;0;0;0;0;0;0;0;0;0;0;0;0;0;0;0;0;0;0;0;0;0;0;0;0;0;0;0;0;0;0;
Enköping;SP;841;4,29;128;17-jul;2;22:40;Night;0;0;0;0;0;0;0;1;1;0;0;0;0;0;9;0;0;1;0;1;0;0;0;0;0;0;0;0;0;1;0;0;0;0;
Häggeby;SR;3312;4,665;129;18-jul;2;00:00;Night;0;0;0;0;0;0;0;0;0;0;0;0;0;0;0;0;0;0;0;0;0;0;0;0;0;0;0;0;0;0;0;0;0;0;
Häggeby;SR;3312;4,665;130;18-jul;2;00:00;Night;0;0;0;0;0;0;0;0;0;0;0;0;0;0;1;0;0;0;0;0;0;0;0;0;0;0;0;0;0;0;0;0;0;0;
Häggeby;SR;3312;4,665;131;18-jul;2;00:00;Night;0;0;0;0;0;0;0;0;0;0;0;0;0;0;4;0;0;1;0;0;0;0;0;0;0;0;0;0;0;0;0;0;0;1; Ephemeroptera
Häggeby;SR;3312;4,665;132;18-jul;2;00:00;Night;0;0;0;0;0;0;0;0;0;0;0;0;0;0;12;0;0;0;0;0;0;0;0;0;0;0;0;0;0;0;0;0;0;2; Ephemeroptera
Sigtuna;SR;6356;5,231;133;18-jul;2;01:15;Night;0;0;0;0;0;0;0;0;0;0;0;0;0;0;0;0;0;0;0;0;0;0;0;0;0;0;0;0;0;0;0;0;0;0;
Sigtuna;SR;6356;5,231;134;18-jul;2;01:15;Night;0;0;0;0;0;0;0;0;0;0;0;0;0;0;1;0;0;0;0;0;0;0;0;0;0;0;0;0;0;0;0;0;0;0;
Sigtuna;SR;6356;5,231;135;18-jul;2;01:15;Night;0;0;0;0;0;0;0;0;0;0;0;0;0;0;1;0;0;0;0;0;0;0;0;0;1;0;0;0;0;0;0;0;0;0;
Sigtuna;SR;6356;5,231;136;18-jul;2;01:15;Night;0;0;0;0;0;0;0;0;0;0;0;0;0;0;4;0;0;0;0;0;0;0;0;0;0;0;0;0;0;0;0;0;0;0;
Gottröra;SP;3718;4,4;137;19-jul;2;10:35;Day;0;0;0;0;0;0;0;0;0;0;0;0;0;2;0;0;0;0;0;0;0;0;0;0;0;0;0;1;0;0;0;0;0;0;
Gottröra;SP;3718;4,4;138;19-jul;2;10:35;Day;0;1;0;0;0;0;0;0;6;0;0;0;0;4;0;0;0;0;0;0;0;0;0;0;0;0;0;2;0;0;0;0;0;0;
Gottröra;SP;3718;4,4;139;19-jul;2;10:35;Day;0;1;0;0;0;0;0;0;11;0;1;0;3;17;11;1;0;0;0;1;0;0;0;0;0;0;0;20;0;0;0;0;0;0;
Gottröra;SP;3718;4,4;140;19-jul;2;10:35;Day;0;1;0;0;1;0;0;0;19;0;4;0;0;15;25;0;0;0;0;6;0;0;0;0;0;0;0;24;0;0;0;0;0;0;
Rimbo;SP;939;5,19;141;19-jul;2;13:00;Day;0;0;0;0;0;0;0;0;3;0;0;0;0;2;4;0;0;0;0;0;0;0;0;0;0;0;0;0;0;0;0;0;0;0;
Rimbo;SP;939;5,19;142;19-jul;2;13:00;Day;1;2;0;0;0;0;0;2;13;0;0;0;0;1;6;0;0;0;0;0;0;0;0;0;0;0;0;11;0;0;0;0;0;0;
Rimbo;SP;939;5,19;143;19-jul;2;13:00;Day;0;1;0;0;0;0;0;4;40;0;0;0;0;16;15;0;0;0;0;7;0;0;0;0;2;0;0;11;0;0;0;0;0;0;
Rimbo;SP;939;5,19;144;19-jul;2;13:00;Day;0;2;0;0;1;0;0;0;54;0;2;0;0;16;26;0;0;0;0;2;0;0;0;0;0;0;0;19;0;0;0;0;0;0;
UpplandsVäsby;SP;6168;4,76;145;19-jul;2;22:35;Night;0;0;0;0;0;0;0;0;0;0;0;0;0;0;2;0;0;0;0;0;0;0;0;0;0;0;0;0;0;0;0;0;0;0;
UpplandsVäsby;SP;6168;4,76;146;19-jul;2;22:35;Night;0;0;0;0;0;0;0;0;0;0;0;0;0;0;0;0;0;0;0;0;0;0;0;0;0;0;0;0;0;0;0;0;0;0;
UpplandsVäsby;SP;6168;4,76;147;19-jul;2;22:35;Night;0;0;0;0;0;0;0;0;0;0;0;0;0;0;9;0;0;1;0;0;0;0;0;0;0;0;0;0;0;0;0;0;0;0;
UpplandsVäsby;SP;6168;4,76;148;19-jul;2;22:35;Night;0;0;0;0;0;0;0;1;0;0;0;0;0;0;60;0;0;4;0;0;0;0;0;0;0;0;0;0;0;0;0;0;0;0;
Arlanda;SR;829;5,41;149;20-jul;2;00:00;Night;0;0;0;0;0;0;0;0;0;0;0;0;0;0;0;0;0;0;0;0;0;0;0;0;0;0;0;0;0;0;0;0;0;0;
Arlanda;SR;829;5,41;150;20-jul;2;00:00;Night;0;0;0;0;0;0;0;0;0;0;0;0;0;0;2;0;0;1;0;0;0;0;0;0;0;0;0;0;0;0;0;0;0;0;
Arlanda;SR;829;5,41;151;20-jul;2;00:00;Night;0;0;0;0;0;0;0;3;0;0;0;0;0;0;7;0;0;3;0;0;0;0;0;0;0;0;0;0;0;0;0;0;0;0;
Arlanda;SR;829;5,41;152;20-jul;2;00:00;Night;0;0;0;0;0;0;0;0;0;0;0;0;0;0;16;0;0;2;0;0;0;0;0;0;0;0;0;0;0;0;0;0;0;0;
Gottröra;SP;3718;4,4;153;20-jul;2;01:15;Night;0;0;0;0;0;0;0;0;0;0;0;0;0;0;0;0;0;0;0;0;0;0;0;0;0;0;0;0;0;0;0;0;0;0;
Gottröra;SP;3718;4,4;154;20-jul;2;01:15;Night;0;0;0;0;0;0;0;0;0;0;0;0;0;0;0;0;0;0;0;0;0;0;0;0;0;0;0;0;0;0;0;0;0;0;
Gottröra;SP;3718;4,4;155;20-jul;2;01:15;Night;0;0;0;0;0;0;0;0;0;0;0;0;0;0;1;0;0;0;0;1;0;0;0;0;0;0;0;0;0;0;0;0;0;0;
Gottröra;SP;3718;4,4;156;20-jul;2;01:15;Night;0;0;0;0;0;0;0;0;0;0;0;0;0;0;6;0;0;1;0;0;0;0;0;0;0;0;0;0;0;0;0;1;0;0;
Knutby;SR;373;4,5;157;05-aug;3;22:05;Night;0;0;0;0;0;0;0;0;0;0;0;0;0;1;2;0;0;0;0;0;0;0;0;0;0;0;0;0;0;0;0;0;0;0;
Knutby;SR;373;4,5;158;05-aug;3;22:05;Night;0;0;0;0;0;0;0;0;0;0;0;0;0;0;3;0;0;0;0;0;0;0;0;0;0;0;0;0;0;0;0;0;0;0;
Knutby;SR;373;4,5;159;05-aug;3;22:05;Night;0;0;0;0;0;0;0;0;0;0;0;0;0;0;7;0;0;1;0;0;0;0;0;0;0;0;0;0;0;0;0;0;0;0;
Knutby;SR;373;4,5;160;05-aug;3;22:05;Night;0;0;0;0;0;0;1;0;0;0;0;0;0;4;88;0;0;7;0;0;0;0;0;0;1;0;0;1;0;0;0;0;0;0;
Rimbo;SP;939;5,19;161;05-aug;3;23:50;Night;0;0;0;0;0;0;0;0;0;0;0;0;0;0;1;0;0;0;0;0;0;0;0;0;0;0;0;0;0;0;0;0;0;0;
Rimbo;SP;939;5,19;162;05-aug;3;23:50;Night;0;0;0;0;0;0;0;0;1;0;0;0;0;0;0;0;0;0;0;0;0;0;0;0;0;0;0;0;0;0;0;0;0;0;
Rimbo;SP;939;5,19;163;05-aug;3;23:50;Night;0;0;0;0;0;0;0;0;0;0;0;0;0;0;3;0;0;2;0;0;0;0;0;0;0;0;0;0;0;0;0;0;0;0;
Rimbo;SP;939;5,19;164;05-aug;3;23:50;Night;0;0;0;0;0;0;0;0;1;0;0;0;0;0;32;0;0;1;0;0;0;0;0;0;0;0;0;0;0;0;0;0;0;0;
Arlanda;SR;829;5,41;165;06-aug;3;14:20;Day;0;1;0;0;0;0;0;0;1;1;0;0;0;1;4;0;0;0;0;2;0;0;0;0;0;0;0;0;0;0;0;0;0;0;
Arlanda;SR;829;5,41;166;06-aug;3;14:20;Day;0;0;0;0;0;0;1;0;3;0;0;0;0;1;1;0;0;0;0;16;0;0;0;0;0;0;0;1;0;0;0;0;0;0;
Arlanda;SR;829;5,41;167;06-aug;3;14:20;Day;0;0;0;0;0;0;1;0;5;0;0;0;0;0;0;0;0;0;0;20;0;0;0;0;0;0;0;2;0;0;0;0;0;0;
Arlanda;SR;829;5,41;168;06-aug;3;14:20;Day;0;0;0;0;0;0;0;0;13;0;0;0;1;9;8;0;0;0;0;30;0;0;0;0;0;0;0;1;0;0;0;0;0;0;
Hargshamn;SR;1726;4,17;169;07-aug;3;11:40;Day;0;0;0;0;1;0;0;0;0;0;0;0;0;2;0;0;0;0;0;0;0;0;0;0;0;0;0;0;0;0;0;0;0;0;
Hargshamn;SR;1726;4,17;170;07-aug;3;11:40;Day;0;0;0;0;0;0;0;0;2;0;0;0;0;3;2;0;0;0;0;0;0;0;0;0;0;0;0;1;0;0;0;0;0;0;
Hargshamn;SR;1726;4,17;171;07-aug;3;11:40;Day;0;0;0;0;0;0;0;1;6;0;0;0;0;5;5;0;0;0;0;0;1;0;0;0;0;0;0;2;0;0;0;0;0;0;
Hargshamn;SR;1726;4,17;172;07-aug;3;11:40;Day;1;0;0;0;0;0;0;0;6;0;0;0;1;12;16;0;0;0;0;2;0;0;0;0;0;0;0;6;0;0;0;0;0;0;
Östhammar;SP;1662;3,55;173;07-aug;3;12:55;Day;0;0;0;0;0;0;0;0;2;0;0;0;0;2;1;0;0;0;0;0;0;0;0;0;1;0;0;0;0;0;0;0;0;0;
Östhammar;SP;1662;3,55;174;07-aug;3;12:55;Day;0;1;0;0;0;0;0;0;2;0;0;0;0;4;0;0;0;0;0;0;0;0;0;0;0;0;0;2;0;0;0;0;0;0;
Östhammar;SP;1662;3,55;175;07-aug;3;12:55;Day;0;0;0;0;0;0;0;0;4;0;0;0;0;4;3;0;0;0;0;3;0;0;0;0;0;0;0;1;0;0;1;0;0;0;
Östhammar;SP;1662;3,55;176;07-aug;3;12:55;Day;0;0;0;0;0;0;0;1;4;0;1;0;0;6;13;0;0;0;0;2;0;0;0;0;0;0;0;1;0;0;0;0;0;0;
Rovsättra;SR;267;4,32;177;07-aug;3;14:00;Day;0;0;0;0;0;0;0;0;2;0;0;0;0;0;2;0;0;0;0;0;0;0;0;0;0;0;0;0;0;0;0;0;1;0;
Rovsättra;SR;267;4,32;178;07-aug;3;14:00;Day;0;0;0;0;0;0;0;0;1;0;0;0;0;1;1;0;0;0;0;0;0;0;0;0;0;0;0;0;0;0;0;0;0;0;
Rovsättra;SR;267;4,32;179;07-aug;3;14:00;Day;0;0;0;0;0;0;0;0;14;0;0;0;0;4;1;0;0;0;0;0;0;0;0;0;0;0;0;0;0;0;1;0;0;0;
Rovsättra;SR;267;4,32;180;07-aug;3;14:00;Day;0;0;0;0;0;0;0;0;5;0;0;0;0;4;25;0;0;0;0;2;0;0;0;0;1;0;0;6;0;0;0;0;0;0;
Rovsättra;SR;267;4,32;181;07-aug;3;23:00;Night;0;1;0;0;0;0;0;0;0;0;0;0;0;1;2;0;0;0;0;0;0;0;0;0;0;0;0;0;0;0;0;0;0;0;
Rovsättra;SR;267;4,32;182;07-aug;3;23:00;Night;0;0;0;0;0;0;0;0;0;0;0;0;0;0;3;0;0;0;0;0;0;0;0;0;0;0;0;0;0;0;0;0;0;0;
Rovsättra;SR;267;4,32;183;07-aug;3;23:00;Night;0;0;0;0;0;0;0;0;0;0;0;0;0;0;5;0;0;0;0;0;0;0;0;0;0;0;0;1;0;0;0;0;0;0;
Rovsättra;SR;267;4,32;184;07-aug;3;23:00;Night;0;0;0;0;0;0;2;0;0;0;0;0;0;2;106;0;0;1;0;0;0;0;0;0;0;0;0;0;0;0;0;0;0;0;
Östhammar;SP;1662;3,55;185;08-aug;3;00:20;Night;0;0;0;0;0;0;0;0;0;0;0;0;0;0;1;0;0;0;0;0;0;0;0;0;0;0;0;0;0;0;0;0;0;0;
Östhammar;SP;1662;3,55;186;08-aug;3;00:20;Night;0;0;0;0;0;0;0;0;0;0;0;0;0;0;2;0;0;0;0;0;0;0;0;0;0;0;0;0;0;0;0;0;0;0;
Östhammar;SP;1662;3,55;187;08-aug;3;00:20;Night;0;0;0;0;0;0;0;0;0;0;0;0;0;0;1;0;0;0;0;0;0;0;0;0;0;0;0;0;0;0;0;0;0;0;
Östhammar;SP;1662;3,55;188;08-aug;3;00:20;Night;0;0;0;0;0;0;0;0;0;0;0;0;0;0;40;0;0;1;0;0;0;0;0;0;0;0;0;0;0;0;0;0;0;0;
Hargshamn;SR;1726;4,17;189;08-aug;3;01:30;Night;0;0;0;0;0;0;0;0;0;0;0;0;0;0;0;0;0;0;0;0;0;0;0;0;0;0;0;0;0;0;0;0;0;0;
Hargshamn;SR;1726;4,17;190;08-aug;3;01:30;Night;0;0;0;0;0;0;0;0;0;0;0;0;0;0;0;0;0;0;0;0;0;0;0;0;0;0;0;0;0;0;0;0;0;0;
Hargshamn;SR;1726;4,17;191;08-aug;3;01:30;Night;0;0;0;0;0;0;0;0;0;0;0;0;0;0;2;0;0;1;0;0;0;0;0;0;0;0;0;0;0;0;0;0;0;0;
Hargshamn;SR;1726;4,17;192;08-aug;3;01:30;Night;0;0;0;0;0;0;0;0;0;0;0;0;0;0;28;0;0;0;0;0;0;0;0;0;0;0;0;0;0;0;0;0;0;1; Trichoptera 
Enköping;SP;841;4,29;193;08-aug;3;15:00;Day;0;0;0;0;0;0;0;0;0;0;0;0;0;1;0;0;0;0;0;0;0;0;0;0;0;0;0;0;0;0;0;0;0;0;
Enköping;SP;841;4,29;194;08-aug;3;15:00;Day;0;0;0;0;0;0;0;0;0;0;0;0;0;7;1;0;0;0;0;2;0;0;0;0;0;0;0;3;0;0;0;0;0;0;
Enköping;SP;841;4,29;195;08-aug;3;15:00;Day;0;0;0;0;0;0;0;0;1;0;0;0;0;12;3;0;0;0;0;0;0;0;0;0;0;0;0;0;0;0;0;0;0;0;
Enköping;SP;841;4,29;196;08-aug;3;15:00;Day;0;0;0;0;0;0;1;0;19;0;0;1;0;26;12;0;0;0;0;0;0;0;0;0;0;0;0;23;0;0;0;0;0;0;
Rimbo;SP;939;5,19;197;09-aug;3;13:30;Day;0;0;0;0;0;0;0;0;0;0;0;0;0;2;0;0;0;0;0;0;0;0;0;0;0;0;0;0;0;0;0;0;0;0;
Rimbo;SP;939;5,19;198;09-aug;3;13:30;Day;0;0;0;0;0;0;0;0;1;0;1;0;0;0;3;0;0;0;0;1;0;0;0;0;0;0;0;0;0;0;0;0;0;0;
Rimbo;SP;939;5,19;199;09-aug;3;13:30;Day;1;0;1;0;0;0;0;0;1;0;0;0;0;5;1;0;0;0;0;1;0;0;0;0;0;0;0;0;0;0;0;0;0;0;
Rimbo;SP;939;5,19;200;09-aug;3;13:30;Day;1;0;0;0;1;0;2;0;5;0;0;0;2;25;24;0;0;0;0;9;0;0;1;1;0;0;0;3;0;0;0;1;0;0;
Knutby;SR;373;4,5;201;09-aug;3;15:25;Day;0;1;0;0;0;0;0;0;0;0;0;0;0;1;0;0;0;0;0;0;0;0;0;0;0;0;0;0;0;0;0;0;0;0;
Knutby;SR;373;4,5;202;09-aug;3;15:25;Day;0;1;0;0;0;0;0;0;2;0;0;0;0;0;0;0;0;0;0;0;0;0;0;0;0;0;0;0;0;0;0;0;0;0;
Knutby;SR;373;4,5;203;09-aug;3;15:25;Day;0;1;0;0;0;0;0;0;4;0;1;1;2;5;8;0;0;0;0;1;0;0;0;0;0;0;0;3;0;0;0;0;0;0;
Knutby;SR;373;4,5;204;09-aug;3;15:25;Day;0;1;0;0;0;0;0;0;7;0;0;0;0;13;13;1;0;0;0;1;0;0;0;0;0;0;0;1;0;0;1;0;0;0;
Gottröra;SP;3718;4,4;205;09-aug;3;16:50;Day;0;0;0;0;0;0;0;1;2;0;0;0;0;0;1;0;0;0;0;0;0;0;0;0;0;0;0;0;0;0;0;0;0;0;
Gottröra;SP;3718;4,4;206;09-aug;3;16:50;Day;0;0;0;0;0;0;0;0;3;0;0;0;0;0;3;0;0;0;0;2;0;0;0;0;0;0;0;1;0;0;0;0;0;0;
Gottröra;SP;3718;4,4;207;09-aug;3;16:50;Day;0;1;0;0;0;0;1;2;5;0;0;0;0;2;5;0;0;0;0;3;0;0;0;0;0;0;0;3;0;0;0;0;0;0;
Gottröra;SP;3718;4,4;208;09-aug;3;16:50;Day;0;1;0;0;0;0;2;1;0;0;0;1;0;11;15;0;0;0;0;6;0;0;0;0;0;0;0;7;0;0;0;0;0;0;
Sigtuna;SR;6356;5,231;209;09-aug;3;21:45;Night;0;0;0;0;0;0;0;0;0;0;0;0;0;0;0;0;0;0;0;0;0;0;0;0;0;0;0;0;0;0;0;0;0;0;
Sigtuna;SR;6356;5,231;210;09-aug;3;21:45;Night;0;0;0;0;0;0;0;0;0;0;0;0;0;0;0;0;0;0;0;0;0;0;0;0;0;0;0;1;0;0;0;0;0;0;
Sigtuna;SR;6356;5,231;211;09-aug;3;21:45;Night;0;0;0;0;0;0;0;0;0;0;0;0;0;0;4;0;0;1;0;0;0;0;0;0;0;0;0;0;0;0;0;0;0;0;
Sigtuna;SR;6356;5,231;212;09-aug;3;21:45;Night;0;0;0;0;0;0;0;0;0;0;0;0;0;0;36;0;0;3;0;0;0;0;0;0;0;0;0;0;0;0;0;0;0;1; Ephemeroptera
Häggeby;SR;3312;4,665;213;09-aug;3;22:50;Night;0;0;0;0;0;0;0;0;0;0;0;0;0;0;2;0;0;0;0;0;0;0;0;0;0;0;0;0;0;0;0;0;0;1; Ephemeroptera
Häggeby;SR;3312;4,665;214;09-aug;3;22:50;Night;0;0;0;0;0;0;0;0;0;0;0;0;0;0;1;0;0;0;0;0;0;0;0;0;0;0;0;0;0;0;0;0;0;2; Ephemeroptera
Häggeby;SR;3312;4,665;215;09-aug;3;22:50;Night;0;0;0;0;0;0;0;0;0;0;0;0;0;0;3;0;0;0;0;0;0;0;0;0;0;0;0;0;0;0;0;0;0;0;
Häggeby;SR;3312;4,665;216;09-aug;3;22:50;Night;0;0;0;0;0;0;0;0;0;0;0;0;0;0;11;0;0;0;0;0;0;0;0;0;0;0;0;0;0;0;0;0;0;3; Ephemeroptera
Arlanda;SR;829;5,41;217;10-aug;3;00:35;Night;0;0;0;0;0;0;0;0;0;0;0;0;0;0;1;0;0;0;0;0;0;0;0;0;0;0;0;0;0;0;0;0;0;0;
Arlanda;SR;829;5,41;218;10-aug;3;00:35;Night;0;0;0;0;0;0;0;0;0;0;0;0;0;0;0;0;0;0;0;0;0;0;0;0;0;0;0;0;0;0;0;0;0;0;
Arlanda;SR;829;5,41;219;10-aug;3;00:35;Night;0;0;0;0;0;0;0;0;0;0;0;0;0;0;0;0;0;0;0;0;0;0;0;0;0;0;0;0;0;0;0;0;0;0;
Arlanda;SR;829;5,41;220;10-aug;3;00:35;Night;0;0;0;0;0;0;0;0;0;0;0;0;0;0;3;0;0;0;0;0;0;0;0;0;0;0;0;0;0;0;0;0;0;0;
Sigtuna;SR;6356;5,231;221;12-aug;3;12:30;Day;0;0;0;0;2;0;0;1;1;0;0;0;0;1;1;0;0;0;0;0;0;0;0;0;0;0;0;0;0;0;0;0;0;0;
Sigtuna;SR;6356;5,231;222;12-aug;3;12:30;Day;0;0;0;0;0;0;0;0;2;0;0;0;0;2;1;0;0;0;0;0;0;0;0;0;0;0;0;0;0;0;0;0;0;0;
Sigtuna;SR;6356;5,231;223;12-aug;3;12:30;Day;0;0;0;0;0;0;0;0;6;0;0;0;1;8;10;0;0;0;0;3;0;0;0;0;0;0;0;1;1;0;0;0;0;0;
Sigtuna;SR;6356;5,231;224;12-aug;3;12:30;Day;0;0;0;0;0;0;0;0;2;0;0;0;0;9;8;0;0;0;0;7;0;0;0;0;0;0;0;1;0;0;0;0;0;0;
Vänge;SP;562;4,15;225;12-aug;3;15:40;Day;0;0;0;0;0;0;0;0;2;0;0;0;0;1;3;0;0;0;0;0;0;0;0;0;0;0;0;1;0;0;0;0;0;0;
Vänge;SP;562;4,15;226;12-aug;3;15:40;Day;0;3;0;0;0;0;0;1;2;0;0;0;0;1;0;0;0;0;0;3;0;0;0;0;0;1;0;0;0;0;0;0;0;0;
Vänge;SP;562;4,15;227;12-aug;3;15:40;Day;0;0;0;0;0;0;0;0;3;0;0;0;0;8;4;0;0;0;0;4;0;0;0;0;0;1;0;2;0;0;0;0;0;0;
Vänge;SP;562;4,15;228;12-aug;3;15:40;Day;0;3;0;0;0;0;4;1;16;0;0;0;1;26;13;0;0;0;0;4;0;0;0;0;0;0;0;16;0;0;0;0;0;0;
UpplandsVäsby;SP;6168;4,76;229;12-aug;3;22:00;Night;0;0;0;0;0;0;0;0;0;0;0;0;0;0;0;0;0;0;0;0;0;0;0;0;0;0;0;0;0;0;0;0;2;0;
UpplandsVäsby;SP;6168;4,76;230;12-aug;3;22:00;Night;0;0;0;0;0;0;0;0;0;0;0;0;0;0;0;0;0;0;0;0;0;0;0;0;0;0;0;0;0;0;0;0;0;0;
UpplandsVäsby;SP;6168;4,76;231;12-aug;3;22:00;Night;0;0;0;0;0;0;0;0;0;0;0;0;0;0;5;0;0;1;0;0;0;0;0;0;0;0;0;0;0;0;0;0;0;0;
UpplandsVäsby;SP;6168;4,76;232;12-aug;3;22:00;Night;0;0;0;0;0;0;0;1;0;0;0;0;0;1;37;0;0;2;0;0;0;0;0;0;0;0;0;0;0;1;0;0;1;0;
Gottröra;SP;3718;4,4;233;12-aug;3;23:40;Night;0;0;0;0;0;0;0;0;0;0;0;0;0;0;0;0;0;0;0;0;0;0;0;0;0;0;0;0;0;0;0;0;2;0;
Gottröra;SP;3718;4,4;234;12-aug;3;23:40;Night;0;0;0;0;0;0;0;0;0;0;0;0;0;0;0;0;0;1;0;0;0;0;0;0;0;0;0;0;0;0;0;0;0;0;
Gottröra;SP;3718;4,4;235;12-aug;3;23:40;Night;0;0;0;0;0;0;0;0;0;0;0;0;0;0;0;0;0;0;0;0;0;0;0;0;0;0;0;0;0;0;0;0;0;0;
Gottröra;SP;3718;4,4;236;12-aug;3;23:40;Night;0;0;0;0;0;0;0;0;1;0;0;0;0;1;1;0;0;0;0;0;0;0;0;0;0;0;0;1;0;0;0;0;0;0;
Häggeby;SR;3312;4,665;237;13-aug;3;12:35;Day;0;0;0;0;0;0;0;0;1;0;0;0;0;0;1;0;0;0;0;1;0;0;0;0;0;0;0;0;0;0;0;0;0;0;
Häggeby;SR;3312;4,665;238;13-aug;3;12:35;Day;0;0;0;0;0;0;0;0;0;0;0;0;0;1;0;0;0;0;0;1;0;0;0;0;0;0;0;2;0;0;0;0;0;0;
Häggeby;SR;3312;4,665;239;13-aug;3;12:35;Day;1;0;0;0;0;0;2;0;1;0;0;0;0;0;0;0;0;0;0;1;0;0;0;0;0;0;0;1;0;0;0;0;0;0;
Häggeby;SR;3312;4,665;240;13-aug;3;12:35;Day;0;0;0;0;0;0;0;0;4;0;0;0;0;0;4;0;0;0;0;3;0;0;0;0;0;0;0;0;0;0;0;0;0;2;
Sigtuna;SR;6356;5,231;241;04-jun;1;11:45;Day;0;0;0;0;0;0;0;0;2;0;0;0;0;1;0;0;0;0;0;3;0;0;0;0;0;0;0;2;0;0;0;0;0;0;
Sigtuna;SR;6356;5,231;242;04-jun;1;11:45;Day;0;0;0;0;0;0;0;0;1;0;0;0;0;0;0;0;0;0;0;0;0;0;0;0;0;0;0;2;0;0;0;0;0;0;
Sigtuna;SR;6356;5,231;243;04-jun;1;11:45;Day;0;0;0;0;0;0;0;0;0;0;0;0;0;0;0;0;0;0;0;1;0;0;0;0;0;0;0;2;0;0;0;0;0;0;
Sigtuna;SR;6356;5,231;244;04-jun;1;11:45;Day;0;0;0;0;0;0;0;0;0;0;0;0;0;1;0;0;0;0;0;0;0;0;0;0;0;0;0;0;0;0;0;0;0;0;
Häggeby;SR;3312;4,665;245;04-jun;1;15:30;Day;0;0;0;0;0;0;0;1;1;0;0;0;0;1;6;0;0;0;0;1;0;0;0;0;0;0;0;1;0;0;0;0;0;0;
Häggeby;SR;3312;4,665;246;04-jun;1;15:30;Day;0;0;0;0;0;0;0;0;0;0;0;0;0;2;2;0;0;0;0;0;0;0;0;0;0;0;0;0;0;0;0;0;0;0;
Häggeby;SR;3312;4,665;247;04-jun;1;15:30;Day;0;1;0;0;0;0;0;0;2;0;0;0;1;2;0;0;0;0;0;0;1;0;0;0;0;0;0;0;0;0;0;0;0;0;
Häggeby;SR;3312;4,665;248;04-jun;1;15:30;Day;0;1;0;0;0;0;0;0;2;0;0;0;0;2;1;0;0;0;0;2;0;0;0;0;0;0;0;1;0;0;0;0;0;0;
Häggeby;SR;3312;4,665;249;04-jun;1;22:46;Night;0;0;0;0;0;0;0;0;0;0;0;0;0;0;7;0;0;0;0;0;0;0;0;0;0;0;0;0;0;0;0;0;0;1; Dermaptera
Häggeby;SR;3312;4,665;250;04-jun;1;22:46;Night;0;0;0;0;0;0;0;0;0;0;0;0;0;0;3;0;0;0;0;0;0;0;0;0;0;0;0;0;0;0;0;0;0;0;
Häggeby;SR;3312;4,665;251;04-jun;1;22:46;Night;0;0;0;0;0;0;0;0;0;0;0;0;0;0;0;0;0;0;0;0;0;0;0;0;0;0;0;0;0;0;0;0;0;0;
Häggeby;SR;3312;4,665;252;04-jun;1;22:46;Night;0;0;0;0;0;0;0;0;0;0;0;0;0;0;1;0;0;0;0;0;0;0;0;0;0;0;0;0;0;0;0;0;0;0;
Sigtuna;SR;6356;5,231;253;05-jun;1;00:30;Night;0;0;0;0;0;0;0;0;0;0;0;0;0;0;0;0;0;0;0;0;0;0;0;0;0;0;0;0;0;0;0;0;0;0;
Sigtuna;SR;6356;5,231;254;05-jun;1;00:30;Night;0;0;0;0;0;0;0;0;0;0;0;0;0;0;0;0;0;0;0;0;0;0;0;0;0;0;0;0;0;0;0;0;0;0;
Sigtuna;SR;6356;5,231;255;05-jun;1;00:30;Night;0;0;0;0;0;0;0;0;0;0;0;0;0;0;1;0;0;0;0;0;0;0;0;0;0;0;0;0;0;0;0;0;0;0;
Sigtuna;SR;6356;5,231;256;05-jun;1;00:30;Night;0;0;0;0;0;0;0;0;0;0;0;0;0;0;1;0;0;0;0;0;0;0;0;0;0;0;0;0;0;0;0;0;0;0;
Björklinge;SP;247;2,88;257;05-jun;1;11:50;Day;0;0;0;1;0;0;0;1;1;0;0;0;0;1;3;0;0;0;0;0;0;0;0;0;0;0;0;6;0;0;0;0;0;0;
Björklinge;SP;247;2,88;258;05-jun;1;11:50;Day;0;0;0;0;0;0;0;0;0;0;0;0;1;6;0;0;0;0;0;0;0;0;0;0;0;1;0;0;0;0;0;0;0;0;
Björklinge;SP;247;2,88;259;05-jun;1;11:50;Day;0;0;0;0;0;0;0;0;1;0;0;0;0;0;1;0;0;0;0;0;0;0;0;0;0;0;0;0;0;0;0;0;0;0;
Björklinge;SP;247;2,88;260;05-jun;1;11:50;Day;0;0;0;0;0;0;0;0;0;0;0;0;0;0;2;0;0;0;0;0;0;0;0;0;0;0;0;0;0;0;0;0;0;0;
Skogstibble;SP;158;3,98;261;05-jun;1;14:30;Day;0;1;0;0;0;0;2;0;2;0;0;0;0;1;1;0;0;0;0;0;0;0;0;0;0;0;0;5;0;0;0;0;0;0;
Skogstibble;SP;158;3,98;262;05-jun;1;14:30;Day;0;0;0;0;0;0;1;0;2;0;0;0;0;4;1;0;0;0;0;0;0;0;0;0;0;0;0;2;0;0;0;0;0;0;
Skogstibble;SP;158;3,98;263;05-jun;1;14:30;Day;0;0;0;0;0;0;0;0;0;0;0;0;0;0;0;0;0;0;0;0;0;0;0;0;0;0;0;2;0;0;0;0;0;0;
Skogstibble;SP;158;3,98;264;05-jun;1;14:50;Day;0;0;0;0;0;0;0;0;0;0;0;0;0;0;0;0;0;0;0;0;0;0;0;0;0;0;0;1;0;0;0;0;0;0;
Vänge;SP;562;4,15;265;05-jun;1;16:00;Day;0;0;0;0;0;0;0;0;0;0;0;0;0;0;0;0;0;0;0;0;0;0;0;0;0;0;0;0;0;0;0;0;0;0;
Vänge;SP;562;4,15;266;05-jun;1;16:00;Day;0;0;0;0;0;0;0;0;0;0;0;0;0;0;0;0;0;0;0;0;0;0;0;0;0;0;0;1;0;0;0;0;0;0;
Vänge;SP;562;4,15;267;05-jun;1;16:00;Day;0;0;0;0;0;0;1;0;2;0;0;0;0;2;2;0;0;0;0;0;0;0;0;0;0;0;0;2;0;0;0;0;0;0;
Vänge;SP;562;4,15;268;05-jun;1;16:00;Day;0;0;0;0;0;0;1;0;3;0;0;1;1;1;0;0;0;0;0;0;0;0;0;0;0;0;0;1;0;0;0;0;0;0;
Skogstibble;SP;158;3,98;269;05-jun;1;22:02;Night;0;3;1;0;0;0;0;5;0;0;0;0;0;11;13;0;0;0;0;0;0;0;0;0;0;0;0;0;0;0;0;0;0;0;
Skogstibble;SP;158;3,98;270;05-jun;1;22:02;Night;0;2;1;0;0;0;0;6;3;0;0;0;0;9;10;0;0;0;0;1;0;0;0;0;0;0;0;0;0;0;0;0;0;1; Ephemeroptera
Skogstibble;SP;158;3,98;271;05-jun;1;22:02;Night;0;0;0;0;0;0;0;0;0;0;0;0;0;0;0;0;0;0;0;0;0;0;0;0;0;0;0;0;0;0;0;0;0;0;
Skogstibble;SP;158;3,98;272;05-jun;1;22:02;Night;0;0;0;0;0;0;0;0;0;0;0;0;0;0;0;0;0;0;0;0;0;0;0;0;0;0;0;0;0;0;0;0;0;0;
Enköping;SP;841;4,29;273;06-jun;1;11:15;Day;0;0;0;0;1;0;0;0;0;0;0;0;0;0;1;0;0;0;0;0;0;0;0;0;0;0;0;0;0;0;0;0;0;0;
Enköping;SP;841;4,29;274;06-jun;1;11:15;Day;0;0;0;0;0;0;0;0;0;0;0;0;0;0;0;0;0;0;0;0;0;0;0;0;0;0;0;0;0;0;0;0;0;0;
Enköping;SP;841;4,29;275;06-jun;1;11:15;Day;0;0;0;0;0;0;0;0;1;0;1;0;0;1;4;0;0;0;0;0;0;0;0;0;0;0;0;0;0;0;0;0;0;0;
Enköping;SP;841;4,29;276;06-jun;1;11:15;Day;0;0;0;0;0;0;1;0;3;0;0;0;0;5;1;0;0;0;0;0;0;0;0;0;0;0;0;2;0;0;0;0;0;0;
Aspö;SR;5675;5,38;277;06-jun;1;12:40;Day;0;0;0;0;0;0;0;0;1;0;0;0;0;3;1;0;0;0;0;0;0;0;0;0;0;0;0;0;0;0;0;0;0;0;
Aspö;SR;5675;5,38;278;06-jun;1;12:40;Day;0;1;0;0;0;0;0;0;2;0;0;0;0;1;5;0;0;0;0;0;0;0;0;0;1;0;0;1;0;0;0;0;0;0;
Aspö;SR;5675;5,38;279;06-jun;1;12:40;Day;0;0;0;0;0;0;0;0;0;0;0;0;0;0;1;0;0;0;0;0;0;0;0;0;0;0;0;0;0;0;0;0;0;0;
Aspö;SR;5675;5,38;280;06-jun;1;12:40;Day;0;0;0;0;0;0;0;0;0;0;0;0;0;0;1;0;0;0;0;0;0;0;0;0;0;0;0;1;0;0;0;0;0;0;
Tosterön;SP;5764;4,07;281;06-jun;1;14:50;Day;0;0;0;0;0;0;0;0;0;0;0;0;0;0;0;0;0;0;0;0;0;0;0;0;0;0;0;1;0;0;0;0;0;0;
Tosterön;SP;5764;4,07;282;06-jun;1;14:50;Day;0;0;0;0;0;0;0;0;0;0;0;0;0;1;0;0;0;0;0;1;0;0;0;0;0;0;0;0;0;0;0;0;0;0;
Tosterön;SP;5764;4,07;283;06-jun;1;14:50;Day;0;0;0;0;0;0;0;0;2;0;0;0;0;3;2;0;0;0;0;0;1;0;0;0;0;0;0;3;0;0;0;0;0;0;
Tosterön;SP;5764;4,07;284;06-jun;1;14:50;Day;0;0;0;0;0;0;0;0;3;0;0;0;0;3;4;0;0;0;0;1;0;0;0;0;0;0;0;0;0;0;0;0;0;0;
Strängnäs;SP;372;4,43;285;06-jun;1;16:10;Day;0;0;0;0;0;0;0;0;2;0;0;0;0;1;2;0;0;0;0;2;0;0;0;0;0;1;0;1;0;0;0;0;0;0;
Strängnäs;SP;372;4,43;286;06-jun;1;16:10;Day;0;1;0;0;0;0;1;1;4;0;0;0;0;5;2;0;0;0;1;0;0;0;0;0;0;0;0;5;0;0;0;0;0;0;
Strängnäs;SP;372;4,43;287;06-jun;1;16:10;Day;0;0;0;0;0;0;0;0;0;0;0;0;0;0;0;0;0;0;0;0;0;0;0;0;0;0;0;0;0;0;0;0;0;0;
Strängnäs;SP;372;4,43;288;06-jun;1;16:10;Day;0;1;0;0;0;0;0;0;3;0;0;0;0;1;0;0;0;0;0;0;0;0;0;0;0;0;0;0;0;0;0;0;0;0;
Tosterön;SP;5764;4,07;289;06-jun;1;22:00;Night;0;2;0;0;0;0;0;3;1;0;0;0;0;1;15;0;0;0;0;1;0;0;0;0;1;0;0;0;0;0;0;0;0;0;
Tosterön;SP;5764;4,07;290;06-jun;1;22:00;Night;0;3;0;0;0;0;0;5;3;0;0;0;0;1;40;0;0;0;0;1;0;0;0;0;0;0;0;0;0;0;0;0;0;0;
Tosterön;SP;5764;4,07;291;06-jun;1;22:00;Night;0;0;0;0;0;0;0;0;0;0;0;0;0;0;0;0;0;0;0;0;0;0;0;0;0;0;0;0;0;0;0;0;0;0;
Tosterön;SP;5764;4,07;292;06-jun;1;22:00;Night;0;0;0;0;0;0;0;0;0;0;0;0;0;0;1;0;0;1;0;0;0;0;0;0;0;0;0;0;0;0;0;0;0;0;
Aspö;SR;5675;5,38;293;06-jun;1;23:40;Night;0;0;0;0;0;0;0;0;0;0;0;0;0;0;13;0;0;1;0;0;0;0;0;0;0;0;0;1;0;0;0;0;0;0;
Aspö;SR;5675;5,38;294;06-jun;1;23:40;Night;0;0;0;0;0;0;0;0;0;0;0;0;0;0;2;0;0;0;0;0;0;0;0;0;0;0;0;0;0;0;0;0;0;0;
Aspö;SR;5675;5,38;295;06-jun;1;23:40;Night;0;0;0;0;0;0;0;0;0;0;0;0;0;0;0;0;0;0;0;0;0;0;0;0;0;0;0;0;0;0;0;0;0;0;
Aspö;SR;5675;5,38;296;06-jun;1;23:40;Night;0;0;0;0;0;0;0;0;0;0;0;0;0;0;7;0;0;1;0;0;0;0;0;0;0;0;1;0;0;0;0;0;0;0;
Enköping;SP;841;4,29;297;07-jun;1;01:00;Night;0;0;0;0;0;0;0;0;0;0;0;0;0;4;1;0;0;2;0;0;0;0;0;0;0;0;0;0;0;0;0;0;0;0;
Enköping;SP;841;4,29;298;07-jun;1;01:00;Night;0;0;0;0;0;0;0;0;0;0;0;0;0;0;0;0;0;0;0;0;0;0;0;0;0;0;1;0;0;0;0;0;0;0;
Enköping;SP;841;4,29;299;07-jun;1;01:00;Night;0;0;0;0;0;0;0;0;0;0;0;0;0;0;1;0;0;0;0;0;0;0;0;0;0;0;0;0;0;0;0;0;0;0;
Enköping;SP;841;4,29;300;07-jun;1;01:00;Night;0;0;0;0;0;0;0;0;0;0;0;0;0;3;1;0;0;2;0;0;0;0;0;0;0;0;0;0;0;0;0;0;0;0;
UpplandsVäsby;SP;6168;4,76;301;07-jun;1;15:50;Day;0;0;0;0;0;0;0;0;0;0;0;0;0;0;0;0;0;0;0;0;0;0;0;0;0;0;0;0;0;0;0;0;0;0;
UpplandsVäsby;SP;6168;4,76;302;07-jun;1;15:50;Day;0;0;0;0;0;0;0;0;0;0;0;0;0;0;0;0;0;0;0;0;0;0;0;0;0;0;0;0;0;0;0;0;0;0;
UpplandsVäsby;SP;6168;4,76;303;07-jun;1;15:50;Day;0;0;0;0;0;0;0;0;1;0;0;0;0;2;0;0;0;0;0;1;0;0;0;0;0;0;0;0;0;0;0;0;0;0;
UpplandsVäsby;SP;6168;4,76;304;07-jun;1;15:50;Day;0;0;0;0;0;0;0;0;2;0;0;0;0;0;0;0;0;0;0;2;0;0;0;0;0;0;0;1;0;0;0;0;0;0;
UpplandsVäsby;SP;6168;4,76;305;07-jun;1;22:50;Night;0;0;0;0;0;0;0;0;0;0;0;0;0;0;0;0;0;0;0;0;0;0;0;0;0;0;0;0;0;0;0;0;0;0;
UpplandsVäsby;SP;6168;4,76;306;07-jun;1;22:50;Night;0;0;0;0;0;0;0;0;0;0;0;0;0;0;0;0;0;0;0;0;0;0;0;0;0;0;0;0;0;0;0;0;0;0;
UpplandsVäsby;SP;6168;4,76;307;07-jun;1;22:50;Night;0;0;0;0;0;0;0;0;1;0;0;0;0;0;11;0;0;0;0;1;0;0;1;0;0;0;0;1;0;0;0;0;0;0;
UpplandsVäsby;SP;6168;4,76;308;07-jun;1;22:50;Night;0;1;0;0;0;0;0;0;0;0;0;0;0;2;10;0;0;0;0;0;0;0;0;0;0;0;0;0;0;0;0;0;0;0;
Strängnäs;SP;372;4,43;309;08-jun;1;01:00;Night;0;0;0;0;0;0;0;0;0;0;0;0;0;0;1;0;0;0;0;0;0;0;0;0;0;0;0;0;0;0;0;0;0;0;
Strängnäs;SP;372;4,43;310;08-jun;1;01:00;Night;0;0;0;0;0;0;0;0;0;0;0;0;0;0;0;0;0;0;0;0;0;0;0;0;0;0;0;0;0;0;0;0;0;0;
Strängnäs;SP;372;4,43;311;08-jun;1;01:00;Night;0;0;0;0;0;0;0;0;0;0;0;0;0;0;0;0;0;0;0;0;0;0;0;0;0;0;0;0;0;0;0;0;0;0;
Strängnäs;SP;372;4,43;312;08-jun;1;01:00;Night;0;0;0;0;0;0;0;0;0;0;0;0;0;0;0;0;0;0;0;0;0;0;0;0;0;0;0;0;0;0;0;0;0;0;
Tierp;SR;125;3,1;313;30-jun;2;15:55;Day;0;0;0;0;0;0;0;0;0;0;0;0;0;0;0;0;0;0;0;0;0;0;0;0;0;0;0;0;0;0;0;0;0;0;
Tierp;SR;125;3,1;314;30-jun;2;15:55;Day;0;2;0;0;0;0;0;2;31;0;1;0;1;50;57;0;0;1;0;11;0;0;0;0;4;0;0;22;0;0;0;0;0;0;
Tierp;SR;125;3,1;315;30-jun;2;15:55;Day;0;0;0;0;0;0;0;0;5;0;0;2;0;4;10;0;0;0;0;1;0;0;0;1;0;0;0;2;0;0;0;0;0;0;
Tierp;SR;125;3,1;316;30-jun;2;15:55;Day;0;0;0;0;0;0;0;0;50;0;0;0;1;43;69;0;0;0;0;5;0;0;0;0;0;0;0;24;0;0;0;0;0;1; Pseudoscorpiones
Björklinge;SP;247;2,88;317;10-jun;1;23:00;Night;0;0;0;0;0;0;0;0;0;0;0;0;0;0;2;0;0;0;0;0;0;0;0;0;0;0;0;0;0;0;0;0;0;0;
Björklinge;SP;247;2,88;318;10-jun;1;23:00;Night;0;0;0;0;0;0;0;0;0;0;0;0;0;0;0;0;0;0;0;0;0;0;0;0;0;0;0;0;0;0;0;0;0;0;
Björklinge;SP;247;2,88;319;10-jun;1;23:00;Night;0;0;0;0;0;0;0;0;0;0;0;0;0;0;0;0;0;0;0;0;0;0;0;0;0;0;0;0;0;0;0;0;0;0;
Björklinge;SP;247;2,88;320;10-jun;1;23:00;Night;0;0;0;0;0;0;0;0;0;0;0;0;0;0;0;0;0;0;0;0;0;0;0;0;0;0;0;0;0;0;0;0;0;0;
Skärplinge;SR;570;3,8;321;10-jul;2;15:55;Day;0;0;0;0;0;0;0;0;18;0;0;0;0;11;18;0;0;0;0;4;0;0;1;0;0;0;0;8;0;0;0;0;0;0;
Skärplinge;SR;570;3,8;322;10-jul;2;15:55;Day;0;0;0;0;0;0;0;0;4;0;1;0;0;0;0;0;0;0;0;0;0;0;0;0;0;0;0;0;0;0;0;0;0;0;
Skärplinge;SR;570;3,8;323;10-jul;2;15:55;Day;0;0;0;0;0;0;0;0;0;0;0;0;0;0;1;0;0;0;0;1;0;0;0;0;0;0;0;2;0;0;0;0;0;0;
Skärplinge;SR;570;3,8;324;10-jul;2;15:55;Day;1;0;0;0;0;0;0;0;14;0;0;0;0;8;13;0;0;1;0;0;0;0;0;0;0;0;0;5;0;0;0;0;0;0;
Strängnäs;SP;372;4,43;325;11-jul;2;15:00;Day;1;0;0;0;0;0;0;0;29;0;0;0;0;34;21;0;0;0;0;7;0;0;0;1;1;1;0;156;0;0;0;0;0;0;
Strängnäs;SP;372;4,43;326;11-jul;2;15:00;Day;1;1;0;0;0;0;1;0;26;0;1;0;5;38;26;0;0;0;0;7;0;0;1;0;0;0;0;123;0;0;0;0;0;0;
Strängnäs;SP;372;4,43;327;11-jul;2;15:00;Day;0;0;0;0;0;0;0;0;1;0;0;0;0;1;0;0;0;0;0;0;0;0;0;0;0;0;0;2;0;0;0;0;0;0;
Strängnäs;SP;372;4,43;328;11-jul;2;15:00;Day;0;0;0;0;0;0;0;0;2;0;0;0;0;1;0;0;0;0;0;0;0;0;0;0;0;0;0;4;0;0;0;0;0;0;
Aspö;SR;5675;5,38;329;11-jul;2;16:50;Day;0;0;0;0;0;0;0;0;0;0;0;0;0;1;0;0;0;0;0;0;0;0;0;0;0;0;0;0;0;0;0;0;0;0;
Aspö;SR;5675;5,38;330;11-jul;2;16:50;Day;0;5;0;0;0;0;1;1;12;0;0;0;0;23;38;0;0;0;0;1;0;0;1;0;0;0;0;19;0;0;0;0;0;1; Trichoptera
Aspö;SR;5675;5,38;331;11-jul;2;16:50;Day;0;1;0;0;0;0;1;2;16;0;0;0;0;18;38;0;0;0;0;1;0;0;0;0;0;0;0;41;0;0;0;0;0;0;
Aspö;SR;5675;5,38;332;11-jul;2;16:50;Day;0;0;0;0;0;0;0;0;1;0;0;0;0;0;1;0;0;0;0;0;0;0;0;0;0;0;0;1;0;0;0;0;0;0;
Strängnäs;SP;372;4,43;334;11-jul;2;22:40;Night;0;0;0;0;0;0;0;0;2;0;0;0;0;3;60;0;0;3;0;0;0;0;0;0;1;0;0;0;0;0;0;0;1;0;
Strängnäs;SP;372;4,43;333;11-jul;2;22:40;Night;0;0;0;0;0;0;0;1;0;0;0;0;0;0;1;0;0;1;0;0;0;0;0;0;0;0;0;1;1;0;0;0;0;0;
Strängnäs;SP;372;4,43;335;11-jul;2;22:40;Night;0;0;0;0;0;0;0;0;0;0;0;0;0;3;47;0;0;2;0;0;0;0;0;0;0;0;0;0;0;0;0;0;0;0;
Strängnäs;SP;372;4,43;336;11-jul;2;22:40;Night;0;0;0;0;0;0;0;0;0;0;0;0;0;0;3;0;0;0;0;0;0;0;0;0;0;0;0;1;0;0;0;0;0;0;
Tosterön;SP;5764;4,07;337;12-jul;2;00:00;Night;0;0;0;0;0;0;0;0;0;0;0;0;0;0;0;0;0;0;0;0;0;0;0;0;0;0;0;0;0;0;0;0;0;0;
Tosterön;SP;5764;4,07;338;12-jul;2;00:00;Night;0;0;0;0;0;0;0;0;0;0;0;0;0;0;0;0;0;0;0;0;0;0;0;0;0;0;0;0;0;0;0;0;0;0;
Tosterön;SP;5764;4,07;339;12-jul;2;00:00;Night;0;0;0;0;0;0;0;0;0;0;0;0;0;0;18;0;0;2;0;0;0;0;0;0;0;0;0;0;0;0;0;0;0;0;
Tosterön;SP;5764;4,07;340;12-jul;2;00:00;Night;0;0;0;0;0;0;0;0;0;0;0;0;0;0;16;0;0;0;0;0;0;0;0;0;0;0;0;0;0;0;0;0;0;0;
Aspö;SR;5675;5,38;341;12-jul;2;01:15;Night;0;0;0;0;0;0;0;0;0;0;0;0;0;0;0;0;0;0;0;0;0;0;0;0;0;0;0;0;0;0;0;0;0;0;
Aspö;SR;5675;5,38;342;12-jul;2;01:15;Night;0;0;0;0;0;0;0;0;0;0;0;0;0;0;9;0;0;0;0;0;0;0;0;0;0;0;0;0;1;0;0;0;0;0;
Aspö;SR;5675;5,38;343;12-jul;2;01:15;Night;0;0;0;0;0;0;0;0;0;0;0;0;0;0;5;0;0;0;0;0;0;0;0;0;0;0;0;0;0;0;0;0;0;0;
Aspö;SR;5675;5,38;344;12-jul;2;01:15;Night;0;0;0;0;0;0;0;0;0;0;0;0;0;0;0;0;0;0;0;0;0;0;0;0;0;0;0;0;0;0;0;0;0;0;
Östhammar;SP;1662;3,55;345;13-jul;2;14:00;Day;0;0;0;0;0;0;2;0;13;0;0;0;0;20;5;0;0;0;0;0;0;0;0;0;0;0;0;5;0;0;0;0;0;0;
Östhammar;SP;1662;3,55;346;13-jul;2;14:00;Day;0;0;0;0;0;0;0;0;13;0;0;0;0;18;12;1;0;0;0;4;0;0;0;0;0;0;0;14;0;0;0;0;0;0;
Östhammar;SP;1662;3,55;347;13-jul;2;14:00;Day;0;0;0;0;0;0;0;1;0;0;0;0;0;0;0;0;0;0;0;1;0;0;0;1;0;0;0;0;0;0;0;0;0;0;
Östhammar;SP;1662;3,55;348;13-jul;2;14:00;Day;0;0;0;0;0;0;0;0;1;0;0;0;0;1;0;0;0;0;0;1;0;0;0;0;0;0;0;0;0;0;0;0;0;0;
Hargshamn;SR;1726;4,17;349;13-jul;2;15:45;Day;0;0;0;0;0;1;0;1;1;0;0;1;0;0;3;0;0;0;0;0;0;0;0;1;1;0;0;6;0;0;0;0;0;0;
Hargshamn;SR;1726;4,17;350;13-jul;2;15:45;Day;0;0;0;0;0;0;0;0;4;0;0;0;0;4;3;0;0;0;0;0;0;0;0;0;1;0;0;0;0;0;0;0;0;0;
Hargshamn;SR;1726;4,17;351;13-jul;2;15:45;Day;1;4;0;0;0;0;0;0;27;1;0;0;1;25;4;0;0;1;0;23;1;0;0;0;0;0;0;20;0;0;1;0;0;0;
Hargshamn;SR;1726;4,17;352;13-jul;2;15:45;Day;0;2;0;0;2;0;2;0;25;0;0;0;0;17;19;0;0;0;0;14;0;0;1;0;0;1;0;14;0;0;0;1;0;0;
Rovsättra;SR;267;4,32;353;14-jul;2;15:30;Day;0;0;0;0;0;0;0;1;19;0;0;0;1;15;20;0;0;0;0;2;0;0;0;0;0;0;0;3;0;0;0;0;0;1; Plecoptera
Rovsättra;SR;267;4,32;354;14-jul;2;15:30;Day;0;0;0;0;0;0;0;1;3;0;1;0;0;1;1;0;0;0;0;0;0;0;0;0;0;0;0;1;0;0;0;1;0;0;
Rovsättra;SR;267;4,32;355;14-jul;2;15:30;Day;0;0;0;0;0;0;0;0;2;0;0;0;0;0;4;0;0;0;0;0;0;0;0;0;0;0;0;0;0;0;0;0;0;0;
Rovsättra;SR;267;4,32;356;14-jul;2;15:30;Day;0;1;0;0;0;0;0;0;14;0;2;0;0;8;15;0;0;0;0;1;0;0;0;0;0;0;0;1;0;0;0;0;0;0;
Skogstibble;SP;158;3,98;357;17-jul;2;23:00;Night;0;0;0;0;0;0;0;0;0;0;0;0;0;0;0;0;0;0;0;0;0;0;0;0;0;0;0;0;0;0;0;0;0;0;
Skogstibble;SP;158;3,98;358;17-jul;2;23:00;Night;0;0;0;0;0;0;0;0;0;0;0;0;0;0;1;0;0;1;0;0;0;0;0;0;0;0;0;0;0;0;0;0;0;0;
Skogstibble;SP;158;3,98;359;17-jul;2;23:00;Night;0;0;0;0;0;0;0;1;0;0;0;0;0;0;9;0;0;2;0;0;0;0;0;0;0;0;0;0;0;0;0;0;0;0;
Skogstibble;SP;158;3,98;360;17-jul;2;23:50;Night;0;0;0;0;0;0;0;0;0;0;0;0;0;1;17;0;0;3;0;0;0;0;0;0;0;0;0;0;0;0;0;0;0;0;
Vänge;SP;562;4,15;361;06-jun;1;00:00;Night;0;1;0;0;0;0;0;0;0;0;0;0;0;0;0;0;0;0;0;0;0;0;0;0;0;0;0;0;0;0;0;0;0;0;
Vänge;SP;562;4,15;362;06-jun;1;00:00;Night;0;0;0;0;0;0;0;0;0;0;0;0;0;0;0;0;0;0;0;0;0;0;0;0;0;0;0;0;0;0;0;0;0;0;
Vänge;SP;562;4,15;363;06-jun;1;00:00;Night;0;0;0;0;0;0;0;0;0;0;0;0;0;0;0;0;0;0;0;0;0;0;0;0;0;0;0;0;0;0;0;0;0;0;
Vänge;SP;562;4,15;364;06-jun;1;00:00;Night;0;0;0;0;0;0;0;1;0;0;0;0;0;1;5;0;0;0;0;0;0;0;0;0;0;0;0;0;0;0;0;0;0;0;
Knutby;SR;373;4,5;365;19-jul;2;12:20;Day;0;1;0;0;1;0;3;3;21;0;0;0;0;22;18;0;0;0;0;0;0;2;0;0;0;0;0;4;0;0;0;0;0;0;
Knutby;SR;373;4,5;366;19-jul;2;12:20;Day;0;2;0;0;0;0;0;0;9;0;0;0;0;1;4;0;0;0;0;0;0;0;0;0;0;0;0;5;0;0;0;0;0;0;
Knutby;SR;373;4,5;367;19-jul;2;12:20;Day;0;0;0;0;0;0;0;0;1;1;0;0;0;0;0;0;0;0;0;0;0;0;0;0;0;0;0;0;0;0;0;0;0;0;
Knutby;SR;373;4,5;368;19-jul;2;12:20;Day;1;1;0;0;0;0;0;0;36;0;4;0;1;21;31;0;0;0;0;1;0;1;0;0;0;0;0;6;0;0;1;0;0;0;
Östhammar;SP;1662;3,55;369;19-jul;2;22:40;Night;0;0;0;0;0;0;0;0;0;0;0;0;0;0;0;0;0;0;0;0;0;0;0;0;0;0;0;0;0;0;0;0;0;0;
Östhammar;SP;1662;3,55;370;19-jul;2;22:40;Night;0;0;0;0;0;0;0;0;1;0;0;0;0;0;0;0;0;0;0;0;0;0;0;0;0;0;0;0;0;0;0;0;0;0;
Östhammar;SP;1662;3,55;371;19-jul;2;22:40;Night;0;0;0;0;0;0;0;0;1;0;0;0;0;1;21;0;0;1;0;0;0;0;0;0;0;0;0;0;0;0;0;0;0;0;
Östhammar;SP;1662;3,55;372;19-jul;2;22:40;Night;0;0;0;0;0;0;0;0;0;0;0;0;0;3;18;0;0;0;0;0;0;0;0;0;0;0;0;0;0;0;0;0;0;0;
Rovsättra;SR;267;4,32;373;20-jul;2;00:00;Night;0;0;0;0;0;0;0;0;0;0;0;0;0;0;0;0;0;0;0;0;0;0;0;0;0;0;0;0;0;0;0;0;0;0;
Rovsättra;SR;267;4,32;374;20-jul;2;00:00;Night;0;0;0;0;0;0;0;1;2;0;0;0;0;1;22;0;0;1;0;0;0;0;0;0;0;0;0;0;0;0;0;0;0;0;
Rovsättra;SR;267;4,32;375;20-jul;2;00:00;Night;0;0;0;0;0;0;0;1;0;0;0;0;0;3;28;0;0;1;0;0;0;0;0;0;0;0;0;0;0;0;0;0;0;0;
Rovsättra;SR;267;4,32;376;20-jul;2;00:00;Night;0;0;0;0;0;0;0;0;0;0;0;0;0;0;0;0;0;0;0;0;0;0;0;0;0;0;0;0;0;0;0;0;0;0;
Tierp;SR;125;3,1;377;20-jul;2;01:40;Night;0;0;0;0;0;0;0;0;0;0;0;0;0;1;10;0;0;1;0;0;0;0;0;0;0;0;0;0;0;0;0;0;0;0;
Tierp;SR;125;3,1;378;20-jul;2;01:40;Night;0;0;0;0;0;0;0;0;0;0;0;0;0;1;16;0;0;2;0;0;0;0;0;0;0;0;0;0;0;0;0;0;0;0;
Tierp;SR;125;3,1;379;20-jul;2;01:40;Night;0;0;0;0;0;0;0;0;0;0;0;0;0;0;0;0;0;0;0;0;0;0;0;0;0;0;0;0;0;0;0;0;0;0;
Tierp;SR;125;3,1;380;20-jul;2;01:40;Night;0;0;0;0;0;0;0;0;0;0;0;0;0;0;0;0;0;0;0;0;0;0;0;0;0;0;0;0;0;0;0;0;0;0;
Skutskär;SR;930;4,31;381;20-jul;2;15:20;Day;0;0;0;0;0;0;0;0;17;0;0;1;0;4;8;0;0;0;0;2;0;0;0;0;0;0;0;5;0;0;0;0;0;0;
Skutskär;SR;930;4,31;382;20-jul;2;15:20;Day;0;2;0;0;0;0;0;0;9;0;0;0;0;0;5;0;0;0;0;0;1;0;0;0;0;0;0;0;0;0;0;0;0;0;
Skutskär;SR;930;4,31;383;20-jul;2;15:20;Day;0;1;0;0;0;0;0;0;36;0;0;0;0;31;65;0;0;0;0;3;0;0;1;0;1;0;0;9;0;0;1;0;0;0;
Skutskär;SR;930;4,31;384;20-jul;2;15:20;Day;1;0;0;0;0;0;0;0;28;0;0;0;0;26;100;0;0;0;0;4;0;0;2;0;0;0;0;10;0;0;0;0;0;0;
Björklinge;SP;247;2,88;385;22-jul;2;22:50;Night;0;0;0;0;0;0;0;0;0;0;0;0;0;0;0;0;0;0;0;0;0;0;0;0;0;0;0;0;0;0;0;0;0;0;
Björklinge;SP;247;2,88;386;22-jul;2;22:50;Night;0;0;0;0;0;0;0;0;0;0;0;0;0;0;1;0;0;0;0;0;0;0;0;0;0;0;0;0;0;0;0;0;0;0;
Björklinge;SP;247;2,88;387;22-jul;2;22:50;Night;0;0;0;0;0;0;0;1;0;0;0;0;0;2;32;0;0;2;0;0;0;0;0;0;0;0;0;0;0;0;0;0;0;0;
Björklinge;SP;247;2,88;388;22-jul;2;22:50;Night;0;0;0;0;0;0;0;1;0;0;0;0;0;0;39;0;0;3;0;0;0;0;0;0;0;0;0;0;0;0;0;0;0;0;
Skutskär;SR;930;4,31;389;23-jul;2;23:00;Night;0;0;0;0;0;0;0;5;3;0;0;0;0;1;76;0;0;4;0;1;0;0;0;0;0;0;2;0;0;0;0;0;0;0;
Skutskär;SR;930;4,31;390;23-jul;2;23:00;Night;0;0;0;0;0;0;0;3;1;0;0;0;0;3;70;0;0;7;0;0;0;0;1;0;0;0;0;0;0;0;0;1;0;0;
Skutskär;SR;930;4,31;391;23-jul;2;23:00;Night;0;0;0;0;0;0;0;0;0;0;0;0;0;0;0;0;0;0;0;0;0;0;0;0;0;0;0;0;0;0;0;0;0;0;
Skutskär;SR;930;4,31;392;23-jul;2;23:00;Night;0;0;0;0;0;0;0;0;0;0;0;0;0;0;4;0;0;0;0;0;0;0;0;0;0;0;0;0;0;0;0;6;0;0;
Hargshamn;SR;1726;4,17;393;24-jul;2;22:45;Night;0;1;0;0;0;0;0;2;0;0;0;0;0;2;50;0;0;2;0;0;0;0;0;0;1;0;0;0;0;0;0;0;0;0;
Hargshamn;SR;1726;4,17;394;24-jul;2;22:45;Night;0;0;0;0;0;0;0;0;0;0;0;0;0;0;0;0;0;0;0;0;0;0;0;0;0;0;0;0;0;0;0;0;0;0;
Hargshamn;SR;1726;4,17;395;24-jul;2;22:45;Night;1;0;0;0;0;0;0;2;0;0;0;0;0;0;3;0;0;0;0;0;0;0;0;0;0;0;0;0;0;0;0;0;0;1; Trichoptera
Hargshamn;SR;1726;4,17;396;24-jul;2;22:45;Night;0;0;0;0;0;0;0;3;1;0;0;0;0;3;44;0;0;3;0;0;0;0;0;0;0;0;0;0;0;0;0;0;0;0;
Skärplinge;SR;570;3,8;397;25-jul;2;01:00;Night;0;0;0;0;0;0;0;0;0;0;0;0;0;1;1;0;0;0;0;0;0;0;0;0;0;0;0;0;0;0;0;0;0;0;
Skärplinge;SR;570;3,8;398;25-jul;2;01:00;Night;0;0;0;0;0;0;0;0;2;0;0;0;0;0;33;0;0;3;0;0;0;0;0;0;0;0;0;0;0;0;0;0;0;0;
Skärplinge;SR;570;3,8;399;25-jul;2;01:00;Night;0;0;0;0;0;0;0;0;0;0;0;0;0;1;29;0;0;3;0;0;0;0;0;0;1;0;0;0;0;0;0;0;1;0;
Skärplinge;SR;570;3,8;400;25-jul;2;01:00;Night;0;0;0;0;0;0;0;0;0;0;0;0;0;0;0;0;0;0;0;0;0;0;0;0;0;0;0;0;0;0;0;0;0;0;
Tierp;SR;125;3,1;401;06-aug;3;15:00;Day;0;0;0;0;0;0;0;0;2;0;0;0;0;2;0;0;0;0;0;1;0;0;0;0;0;0;0;2;0;0;0;0;0;0;
Tierp;SR;125;3,1;402;05-aug;3;15:00;Day;0;0;0;0;0;0;0;0;12;0;0;0;2;8;16;0;0;0;0;3;1;0;0;0;1;0;0;15;0;0;0;0;0;0;
Tierp;SR;125;3,1;403;05-aug;3;15:00;Day;0;0;0;0;0;0;0;0;4;1;0;0;0;2;1;0;0;0;0;0;0;0;0;0;0;0;0;0;0;0;0;0;1;0;
Tierp;SR;125;3,1;404;05-aug;3;15:00;Day;0;0;0;0;0;0;0;0;14;0;2;0;0;7;13;0;0;0;0;4;2;0;0;2;0;0;0;10;0;0;0;0;0;0;
Enköping;SP;841;4,29;405;05-aug;3;22:30;Night;0;0;0;0;0;0;0;0;0;0;0;0;0;0;2;0;0;0;0;0;0;0;0;0;0;0;0;0;0;0;0;0;0;0;
Enköping;SP;841;4,29;406;05-aug;3;22:30;Night;0;0;0;0;0;0;0;0;0;0;0;0;0;0;0;0;0;0;0;0;0;0;0;0;0;0;0;0;0;0;0;0;0;0;
Enköping;SP;841;4,29;407;05-aug;3;22:30;Night;0;0;0;0;0;0;0;0;1;0;0;0;0;0;20;0;0;2;0;0;0;0;0;0;0;0;0;0;0;0;0;0;0;0;
Enköping;SP;841;4,29;408;05-aug;3;22:30;Night;0;0;0;0;0;0;0;0;0;0;0;0;0;0;15;0;0;1;0;0;0;0;0;0;0;0;0;0;0;0;0;0;0;0;
Aspö;SR;5675;5,38;409;06-aug;3;00:10;Night;0;0;0;0;0;0;0;0;0;0;0;0;0;0;14;0;0;0;0;0;0;0;0;0;0;0;0;0;0;0;0;0;0;0;
Aspö;SR;5675;5,38;410;06-aug;3;00:10;Night;0;0;0;0;0;0;0;0;0;0;0;0;0;1;14;0;0;0;0;0;0;0;0;0;0;0;0;0;0;0;0;0;0;0;
Aspö;SR;5675;5,38;411;06-aug;3;00:10;Night;0;0;0;0;0;0;0;0;0;0;0;0;0;0;2;0;0;0;0;0;0;0;0;0;0;0;0;0;0;0;0;0;0;0;
Aspö;SR;5675;5,38;412;06-aug;3;00:10;Night;0;0;0;0;0;0;0;0;0;0;0;0;0;0;0;0;0;0;0;0;0;0;0;0;0;0;0;0;0;0;0;0;0;0;
Skogstibble;SP;158;3,98;413;06-aug;3;13:00;Day;0;0;0;0;0;0;1;0;1;0;0;0;0;2;6;0;0;0;0;2;0;0;0;0;0;0;0;3;0;0;0;0;0;0;
Skogstibble;SP;158;3,98;414;06-aug;3;13:00;Day;0;2;0;0;0;0;3;0;6;0;0;0;0;2;2;0;0;0;0;0;0;0;0;0;0;0;0;4;0;0;0;0;0;0;
Skogstibble;SP;158;3,98;415;06-aug;3;13:00;Day;4;1;0;0;0;0;6;2;14;1;0;0;3;22;16;1;0;0;0;1;0;0;0;0;0;0;0;23;0;0;0;1;0;0;
Skogstibble;SP;158;3,98;416;06-aug;3;13:00;Day;2;1;0;0;0;0;6;0;28;0;2;0;1;43;22;0;0;0;0;7;0;0;0;0;0;0;0;42;0;0;1;1;0;0;
Skärplinge;SR;570;3,8;417;07-aug;3;12:20;Day;0;0;0;0;0;0;0;0;3;0;0;0;0;3;3;0;0;0;0;2;0;0;0;0;0;0;0;1;0;0;0;0;0;0;
Skärplinge;SR;570;3,8;418;07-aug;3;12:20;Day;1;0;0;0;0;0;0;1;22;0;0;0;0;12;42;0;0;0;0;9;0;0;0;1;0;0;0;10;0;0;0;0;0;0;
Skärplinge;SR;570;3,8;419;07-aug;3;12:20;Day;0;0;0;0;0;0;0;0;6;0;0;0;0;1;4;0;0;0;0;3;0;0;0;0;0;0;0;1;0;0;0;0;0;0;
Skärplinge;SR;570;3,8;420;07-aug;3;12:00;Day;1;0;0;0;0;0;0;0;18;0;0;0;0;9;44;0;0;0;0;5;0;0;0;0;0;0;0;3;0;0;0;0;0;1; Ephmeroptera
Skutskär;SR;930;4,31;421;07-aug;3;22:30;Night;0;0;0;0;0;0;0;0;0;0;0;0;0;0;51;0;0;1;0;0;0;0;0;0;0;0;0;0;0;0;0;0;0;0;
Skutskär;SR;930;4,31;422;07-aug;3;22:30;Night;0;0;0;1;0;0;0;0;0;0;0;0;0;1;43;0;0;5;0;0;0;0;0;0;0;0;0;0;0;0;0;0;0;0;
Skutskär;SR;930;4,31;423;07-aug;3;22:30;Night;0;0;0;0;0;0;0;0;0;0;0;0;0;0;0;0;0;0;0;0;0;0;0;0;0;0;0;0;0;0;0;0;0;0;
Skutskär;SR;930;4,31;424;07-aug;3;22:30;Night;0;0;0;0;0;0;0;0;0;0;0;0;0;0;1;0;0;0;0;0;0;0;0;0;0;0;0;0;0;0;0;0;0;0;
Skärplinge;SR;570;3,8;425;08-aug;3;00:00;Night;0;0;0;0;0;0;0;0;0;0;0;0;0;0;17;0;0;2;0;0;0;0;0;0;0;0;0;0;0;0;0;0;0;0;
Skärplinge;SR;570;3,8;426;08-aug;3;00:00;Night;0;0;0;0;0;0;0;0;0;0;0;0;0;0;0;0;0;0;0;0;0;0;0;0;0;0;0;0;0;0;0;0;0;0;
Skärplinge;SR;570;3,8;427;08-aug;3;00:00;Night;0;0;0;0;0;0;0;0;0;0;0;0;0;0;1;0;0;0;0;0;0;0;0;0;0;0;0;0;0;0;0;0;0;0;
Skärplinge;SR;570;3,8;428;08-aug;3;00:00;Night;0;0;0;0;0;0;0;0;0;0;0;0;0;0;9;0;0;2;0;0;0;0;0;0;0;0;0;0;1;0;0;0;1;0;
Tierp;SR;125;3,1;429;08-aug;3;01:30;Night;0;0;0;0;0;0;0;0;0;0;0;0;0;0;0;0;0;0;0;0;0;0;0;0;0;0;0;0;0;0;0;0;0;0;
Tierp;SR;125;3,1;430;08-aug;3;01:30;Night;0;0;0;0;0;0;0;0;0;0;0;0;0;0;0;0;0;0;0;0;0;0;0;0;0;0;0;0;0;0;0;0;0;0;
Tierp;SR;125;3,1;431;08-aug;3;01:30;Night;0;0;0;0;0;0;0;0;0;0;0;0;0;4;1;0;0;2;0;2;0;0;0;0;0;0;0;1;0;0;0;0;0;0;
Tierp;SR;125;3,1;432;08-aug;3;01:30;Night;0;0;0;0;0;0;0;0;1;0;0;0;0;3;8;0;0;0;0;0;0;0;0;0;0;0;0;0;0;0;0;0;0;0;
Tosterön;SP;5764;4,07;433;05-aug;3;14:50;Day;0;0;0;0;0;0;2;0;0;0;0;0;0;0;1;0;0;0;0;0;0;0;0;0;0;0;0;0;0;0;0;0;0;0;
Tosterön;SP;5764;4,07;434;08-aug;3;14:50;Day;0;0;0;0;0;0;0;0;0;0;0;0;0;2;1;0;0;0;0;0;0;0;0;0;0;0;0;0;0;0;0;0;0;0;
Tosterön;SP;5764;4,07;435;08-aug;3;14:50;Day;0;0;0;0;0;0;5;0;24;0;0;0;1;16;23;0;0;1;0;11;0;0;0;0;1;0;0;14;0;0;0;0;0;0;
Tosterön;SP;5764;4,07;436;08-aug;3;14:50;Day;0;0;0;0;0;0;5;0;12;0;0;0;0;30;18;0;0;0;0;12;0;0;0;0;0;0;0;16;0;0;1;0;1;0;
Strängnäs;SP;372;4,43;437;09-aug;3;15:00;Day;2;8;0;0;0;0;2;0;19;0;0;0;0;19;24;0;0;0;0;4;0;0;0;0;0;0;0;9;1;1;0;0;0;0;
Strängnäs;SP;372;4,43;438;09-aug;3;15:00;Day;0;2;0;0;0;0;2;0;7;0;0;0;0;11;13;0;0;0;0;5;0;0;0;0;0;0;0;6;0;0;0;0;0;0;
Strängnäs;SP;372;4,43;439;09-aug;3;15:00;Day;0;0;0;0;0;0;0;0;0;0;0;0;0;1;3;0;0;0;0;0;0;0;0;0;0;0;0;0;0;0;0;0;0;0;
Strängnäs;SP;372;4,43;440;09-aug;3;15:00;Day;0;0;0;0;0;0;1;0;1;0;0;0;0;0;2;0;0;0;0;0;0;0;0;0;0;0;0;0;0;0;0;0;0;0;
Skogstibble;SP;158;3,98;441;09-aug;3;22:00;Night;0;0;0;0;0;0;0;0;0;0;0;0;0;0;3;0;0;1;0;0;0;0;0;0;1;0;0;0;0;0;0;0;0;0;
Skogstibble;SP;158;3,98;442;09-aug;3;22:00;Night;0;0;0;0;0;0;0;0;0;0;0;0;0;0;0;0;0;0;0;0;0;0;0;0;0;0;0;0;0;0;0;0;0;0;
Skogstibble;SP;158;3,98;443;09-aug;3;22:00;Night;0;0;0;0;0;0;0;1;0;0;0;0;0;1;47;0;0;6;0;0;0;0;0;0;0;0;0;0;0;0;0;0;0;0;
Skogstibble;SP;158;3,98;444;09-aug;3;22:00;Night;0;0;0;0;0;0;0;0;1;0;0;0;0;3;41;0;0;3;0;0;0;0;0;0;0;0;0;0;0;0;0;3;0;0;
Vänge;SP;562;4,15;445;09-aug;3;22:40;Night;0;0;0;0;0;0;0;0;0;0;0;0;0;0;18;0;0;0;0;0;0;0;0;0;0;0;0;0;0;0;0;0;0;0;
Vänge;SP;562;4,15;446;09-aug;3;22:40;Night;0;0;0;0;0;0;0;0;0;0;0;0;0;0;0;0;0;0;0;0;0;0;0;0;0;0;0;0;0;0;0;0;0;0;
Vänge;SP;562;4,15;447;09-aug;3;22:40;Night;0;0;0;0;0;0;0;0;0;0;0;0;0;0;16;0;0;2;0;0;0;0;0;0;0;0;1;1;0;0;0;0;0;0;
Vänge;SP;562;4,15;448;09-aug;3;22:40;Night;0;0;0;0;0;0;0;0;0;0;0;0;0;0;0;0;0;0;0;0;0;0;0;0;0;0;0;0;0;0;0;0;0;0;
UpplandsVäsby;SP;6168;4,76;449;12-aug;3;12:15;Day;0;0;0;0;0;0;0;0;1;0;0;0;0;0;0;0;0;0;0;0;0;0;0;0;0;0;0;2;0;0;0;0;0;0;
UpplandsVäsby;SP;6168;4,76;450;12-aug;3;12:15;Day;0;0;0;0;0;0;0;0;8;0;0;0;0;5;4;0;0;0;0;2;0;0;0;0;0;0;0;1;0;0;0;0;0;0;
UpplandsVäsby;SP;6168;4,76;451;12-aug;3;12:15;Day;0;0;0;0;0;0;0;0;9;0;0;0;0;18;8;0;0;0;0;2;0;0;0;0;0;0;0;10;1;0;0;0;1;0;
UpplandsVäsby;SP;6168;4,76;452;12-aug;3;12:15;Day;0;0;0;0;0;0;0;0;0;0;0;0;0;0;0;0;0;0;0;0;0;0;0;0;0;0;0;0;0;0;0;0;0;0;
Aspö;SR;5675;5,38;453;12-aug;3;15:00;Day;0;0;0;0;0;0;1;0;1;0;0;0;0;8;9;0;0;0;0;0;0;0;0;0;0;0;0;3;0;0;0;0;0;0;
Aspö;SR;5675;5,38;454;12-aug;3;15:00;Day;0;0;0;0;0;0;0;1;1;0;0;0;0;0;1;0;0;0;0;0;0;0;0;0;0;0;0;0;0;0;0;0;0;0;
Aspö;SR;5675;5,38;455;12-aug;3;15:00;Day;0;0;0;0;0;0;0;1;1;0;0;0;0;0;1;0;0;0;0;0;0;0;0;0;0;0;0;2;0;0;0;0;0;0;
Aspö;SR;5675;5,38;456;12-aug;3;15:00;Day;0;0;0;0;0;0;3;0;15;0;0;0;0;11;17;0;0;0;0;2;0;0;0;0;0;0;0;23;0;0;0;0;0;0;
Björklinge;SP;247;2,88;457;12-aug;3;22:50;Night;0;0;0;0;0;0;0;0;0;0;0;0;0;0;0;0;0;1;0;0;0;0;0;0;0;0;0;0;0;0;0;0;0;0;
Björklinge;SP;247;2,88;458;12-aug;3;22:50;Night;0;0;0;0;0;0;0;0;0;0;0;0;0;0;21;0;0;1;0;0;0;0;0;0;0;0;0;0;0;0;0;0;0;0;
Björklinge;SP;247;2,88;459;12-aug;3;22:50;Night;0;0;0;0;0;0;0;0;1;0;0;0;0;1;14;0;0;1;0;0;0;0;0;0;0;0;1;0;0;0;0;0;0;0;
Björklinge;SP;247;2,88;460;12-aug;3;22:50;Night;0;0;0;0;0;0;0;0;0;0;0;0;0;0;1;0;0;0;0;0;0;0;0;0;0;0;0;0;0;0;0;0;0;0;
Skutskär;SR;930;4,31;461;13-aug;3;13:15;Day;0;1;0;0;0;0;0;0;0;0;0;0;1;1;0;0;0;0;0;1;0;0;0;0;0;0;0;2;0;0;0;0;0;0;
Skutskär;SR;930;4,31;462;13-aug;3;13:15;Day;0;0;0;0;0;0;0;0;0;0;0;0;0;0;0;0;0;0;0;0;0;0;0;0;0;0;0;0;0;0;0;0;1;0;
Skutskär;SR;930;4,31;463;13-aug;3;13:15;Day;0;0;0;0;0;0;0;0;14;0;0;0;4;13;18;0;0;0;0;2;0;0;0;0;0;0;0;3;0;0;0;0;0;0;
Skutskär;SR;930;4,31;464;13-aug;3;13:15;Day;0;0;0;0;0;0;0;1;3;0;0;0;0;3;4;0;0;0;0;0;0;0;0;0;0;0;0;0;0;0;0;0;0;0;
Björklinge;SP;247;2,88;465;13-aug;3;15:40;Day;0;0;0;0;2;0;0;0;14;0;0;33;1;11;8;1;0;0;0;4;0;0;0;0;0;0;0;27;0;0;0;0;0;0;
Björklinge;SP;247;2,88;466;13-aug;3;15:40;Day;0;0;0;0;1;0;1;0;7;0;0;3;2;8;4;0;0;0;0;1;1;0;0;0;0;0;0;22;0;0;0;0;0;0;
Björklinge;SP;247;2,88;467;13-aug;3;15:40;Day;0;0;0;0;0;0;0;0;0;0;0;0;0;0;0;0;0;0;0;0;0;0;0;0;0;0;0;0;0;0;0;0;0;0;
Björklinge;SP;247;2,88;468;13-aug;3;15:40;Day;0;0;0;0;0;0;1;0;2;0;1;0;0;3;3;0;0;0;0;0;0;0;0;0;0;0;0;6;0;0;0;0;0;0;
Tosterön;SP;5764;4,07;469;13-aug;3;21:30;Night;0;0;0;0;0;0;0;0;0;0;0;0;0;0;1;0;0;0;0;0;0;0;0;0;0;0;0;0;0;0;0;0;0;0;
Tosterön;SP;5764;4,07;470;13-aug;3;21:30;Night;1;0;0;0;0;0;0;0;0;0;0;0;0;2;16;0;0;2;0;1;0;0;0;0;0;0;0;0;0;0;0;0;0;0;
Tosterön;SP;5764;4,07;471;13-aug;3;21:30;Night;0;0;0;0;0;0;0;0;0;0;0;0;0;0;0;0;0;0;0;0;0;0;0;0;0;0;0;0;0;0;0;0;0;0;
Tosterön;SP;5764;4,07;472;13-aug;3;21:30;Night;0;0;0;0;0;0;0;0;0;0;0;0;0;1;24;0;0;2;0;0;0;0;0;0;0;0;0;0;0;0;0;0;0;0;
Strängnäs;SP;372;4,43;473;13-aug;3;22:30;Night;0;0;0;0;0;0;0;0;0;0;0;0;0;0;0;0;0;0;0;0;0;0;0;0;0;0;0;0;0;0;0;0;0;0;
Strängnäs;SP;372;4,43;474;13-aug;3;22:30;Night;0;0;0;0;0;0;0;0;0;0;0;0;0;0;1;0;0;0;0;0;0;0;0;0;0;0;0;0;0;0;0;0;0;0;
Strängnäs;SP;372;4,43;475;13-aug;3;22:30;Night;1;0;0;0;0;0;0;0;0;0;0;0;0;2;31;0;0;2;0;0;0;0;0;0;0;0;0;0;0;0;0;0;0;0;
Strängnäs;SP;372;4,43;476;13-aug;3;22:30;Night;0;0;0;0;0;0;0;0;0;0;0;0;0;4;25;0;0;4;0;0;0;0;0;0;0;0;0;0;0;0;0;0;0;0;
Vänge;SP;562;4,15;477;23-jul;2;00:00;Night;0;0;0;0;0;0;0;0;0;0;0;0;0;0;0;0;0;0;0;0;0;0;0;0;0;0;0;0;0;0;0;0;0;0;
Vänge;SP;562;4,15;478;23-jul;2;00:00;Night;0;0;0;0;0;0;0;0;0;0;0;0;0;6;11;0;0;3;0;0;0;0;0;0;0;0;0;0;0;0;0;0;0;0;
Vänge;SP;562;4,15;479;23-jul;2;00:00;Night;0;0;0;0;0;0;0;0;1;0;0;0;0;0;11;0;0;0;0;0;0;0;0;0;0;0;0;0;0;0;0;0;2;0;
Vänge;SP;562;4,15;480;23-jul;2;00:00;Night;0;0;0;0;0;0;0;0;0;0;0;0;0;0;0;0;0;0;0;0;0;0;0;0;0;0;0;0;0;0;0;0;0;0;
